Animal ID,Length(cm),Developmental Stage,Sex,Vertebra,Region,Orientation,Spinous Process Length (mm),Right Transverse Process Length (mm),Left Transverse Process Length (mm),Average Transverse Process Length (mm),Sample #,Yield Strain,Yield Strength,Stiffness,Toughness
MNW16017,98,perinatal,M,T8,T,RC,21.75,9.15,12.86,11.005,1,0.1198,5.9702,73.4,0.35761498
MNW16017,98,perinatal,M,L1,L,RC,24.13,48.92,35.86,42.39,1,0.0832,3.7968,64.107,0.15794688
MNW16017,98,perinatal,M,Ca2,Ca1,RC,11.31,26.17,29.6,27.885,1,0.0887,7.1674,122.599,0.31787419
MNW16017,98,perinatal,M,Ca6,Ca2,RC,11.02,29.03,30.18,29.605,1,0.18957,6.0345,66.262,0.571980083
MNW16030,118,perinatal,M,T8,T,RC,,,,,1,0.08163,8.72229,162.07063,0.356000266
MNW16030,118,perinatal,M,L1,L,RC,,,,,1,0.03844,2.35213,92.0833,0.045207939
MNW16030,118,perinatal,M,Ca2,Ca1,RC,,,,,1,0.06959,5.4654,130.17408,0.190168593
MNW16030,118,perinatal,M,Ca6,Ca2,RC,,,,,1,0.08923,5.77025,107.91011,0.257439704
MSW16058,119,perinatal,M,T8,T,RC,,,,,1,0.10468,4.3072,87.64524,0.225438848
MSW16058,119,perinatal,M,L1,L,RC,24.23,damaged,33.21,33.21,1,0.07537,4.49726,99.30371,0.169479243
MSW16058,119,perinatal,M,Ca2,Ca1,RC,18.79,42.47,43.07,42.77,1,0.11693,6.18727,93.9382,0.361738741
MEC16038,113,perinatal,M,T8,T,RC,25.67,19.72,16.53,18.125,1,0.06674,6.04671,138.02797,0.201778713
MEC16038,113,perinatal,F,L1,L,RC,23.43,53.75,N/A,23.43,1,0.29389,6.77738,35.53217,0.995902104
MEC16038,113,perinatal,F,Ca2,Ca1,RC,27.78,38.89,40.58,39.735,1,0.11049,6.07216,82.30451,0.335456479
MEC16038,113,perinatal,F,Ca6,Ca2,RC,10.62,34.7,37.45,36.075,1,0.10167,7.1893,122.35121,0.365468066
MEC16048,130,perinatal,F,T8,T,RC,23.59,14.98,15.19,15.085,1,0.07823,7.6013,156.54269,0.29732485
MEC16048,130,perinatal,F,L1,L,RC,22.01,22.94D,33.21,33.21,1,0.07571,6.42483,141.48483,0.24321194
MEC16048,130,perinatal,F,Ca2,Ca1,RC,19,38.32,19.23D,38.32,1,0.15926,6.35788,57.96027,0.506277984
MEC16048,130,perinatal,F,Ca6,Ca2,RC,9.73,41.45,30.97D,41.45,1,0.14036,7.91578,84.55372,0.55552944
MSW16028,192,calf,F,T8,T,RC,45.3,26.51,26.58,26.545,1,0.09814,8.93411,153.182,0.438396778
MSW16028,192,calf,F,T8,T,RC,45.3,26.51,26.58,26.545,2,0.0614,13.83406,374.28525,0.424705642
MSW16028,192,calf,F,T8,T,RC,45.3,26.51,26.58,26.545,3,0.04923,7.73819,221.802,0.190475547
MSW16028,192,calf,F,L1,L,RC,45.98,66.43,66.65,66.54,1,0.09025,23.93065,476.935,1.079870581
MSW16028,192,calf,F,L1,L,RC,45.98,66.43,66.65,66.54,2,0.08303,14.12988,271.93,0.586601968
MSW16028,192,calf,F,L1,L,RC,45.98,66.43,66.65,66.54,3,0.09504,25.56348,566.19801,1.21477657
MSW16028,192,calf,F,L1,L,RC,45.98,66.43,66.65,66.54,4,0.06183,12.53648,337.469,0.387565279
MSW16028,192,calf,F,L1,L,RC,45.98,66.43,66.65,66.54,5,0.07585,30.31089,655.30682,1.149540503
MSW16028,192,calf,F,Ca2,Ca1,RC,38.46,88.04,91.84,89.94,1,0.08228,9.894,227.231,0.40703916
MSW16028,192,calf,F,Ca2,Ca1,RC,38.46,88.04,91.84,89.94,2,0.1516,16.576,182.096,1.2564608
MSW16028,192,calf,F,Ca2,Ca1,RC,38.46,88.04,91.84,89.94,3,0.112,18.5366,319.77037,1.0380496
MSW16028,192,calf,F,Ca2,Ca1,RC,38.46,88.04,91.84,89.94,4,0.12617,16.85926,207.40644,1.063566417
MSW16028,192,calf,F,Ca2,Ca1,RC,38.46,88.04,91.84,89.94,5,0.11532,22.19821,286.54197,1.279948789
MSW16028,192,calf,F,Ca6,Ca2,RC,17.32,70.97,31.11D,70.97,1,0.10879,15.76086,266.381,0.85731198
MSW16028,192,calf,F,Ca6,Ca2,RC,17.32,70.97,31.11D,70.97,2,0.10939,19.05843,264.441,1.042400829
MSW16028,192,calf,F,Ca6,Ca2,RC,17.32,70.97,31.11D,70.97,3,0.15722,18.69015,221.259,1.469232692
MSW16028,192,calf,F,Ca6,Ca2,RC,17.32,70.97,31.11D,70.97,4,0.10055,20.66831,376.45938,1.039099285
SWFTM1603b,219,calf,M,T8,T,RC,64.48,51.9,51.19,51.545,1,0.11609,9.86611,147.11939,0.572678355
SWFTM1603b,219,calf,M,T8,T,RC,64.48,51.9,51.19,51.545,2,0.06964,6.60237,149.70449,0.229894523
SWFTM1603b,219,calf,M,T8,T,RC,64.48,51.9,51.19,51.545,3,0.07919,11.3158,244.44857,0.448049101
SWFTM1603b,219,calf,M,T8,T,RC,64.48,51.9,51.19,51.545,4,0.07937,13.03156,275.93038,0.517157459
SWFTM1603b,219,calf,M,T8,T,RC,64.48,51.9,51.19,51.545,5,0.07824,10.1969,190.50358,0.398902728
SWFTM1603b,219,calf,M,L1,L,RC,43.08,66.13,66.2,66.165,1,0.05843,6.15648,167.11899,0.179861563
SWFTM1603b,219,calf,M,L1,L,RC,43.08,66.13,66.2,66.165,2,0.08143,7.59218,145.74198,0.309115609
SWFTM1603b,219,calf,M,L1,L,RC,43.08,66.13,66.2,66.165,3,0.0698,7.88523,221.41266,0.275194527
SWFTM1603b,219,calf,M,L1,L,RC,43.08,66.13,66.2,66.165,4,0.06195,9.83441,256.40307,0.30462085
SWFTM1603b,219,calf,M,Ca2,Ca1,RC,37.25,96.77,100.97,98.87,1,0.09183,23.50452,483.6024,1.079210036
SWFTM1603b,219,calf,M,Ca2,Ca1,RC,37.25,96.77,100.97,98.87,2,0.13149,14.64679,150.06589,0.962953209
SWFTM1603b,219,calf,M,Ca2,Ca1,RC,37.25,96.77,100.97,98.87,3,0.1104,16.5078,311.48871,0.91123056
SWFTM1603b,219,calf,M,Ca2,Ca1,RC,37.25,96.77,100.97,98.87,4,0.1533,18.20389,295.55197,1.395328169
SWFTM1603b,219,calf,M,Ca2,Ca1,RC,37.25,96.77,100.97,98.87,5,0.0963,20.06877,429.76242,0.966311276
SWFTM1603b,219,calf,M,Ca6,Ca2,RC,20.68,82.1,82.68,82.39,1,0.11584,14.32442,206.56467,0.829670406
SWFTM1603b,219,calf,M,Ca6,Ca2,RC,20.68,82.1,82.68,82.39,2,0.08757,13.49771,293.80918,0.590997232
SWFTM1603b,219,calf,M,Ca6,Ca2,RC,20.68,82.1,82.68,82.39,3,0.10643,17.24711,264.62371,0.917804959
SWFTM1603b,219,calf,M,Ca6,Ca2,RC,20.68,82.1,82.68,82.39,4,0.11316,18.23952,314.33208,1.031992042
SWFTM1603b,219,calf,M,Ca6,Ca2,RC,20.68,82.1,82.68,82.39,5,0.12257,16.5586,212.27434,1.014793801
MNW16019,206,calf,M,T8,T,RC,31.4,46.49,44.54,45.515,1,0.06004,3.58799,120.29128,0.10771146
MNW16019,206,calf,M,T8,T,RC,31.4,46.49,44.54,45.515,2,0.12269,11.48112,171.63302,0.704309306
MNW16019,206,calf,M,T8,T,RC,31.4,46.49,44.54,45.515,3,0.09636,14.13698,224.22881,0.681119696
MNW16019,206,calf,M,T8,T,RC,31.4,46.49,44.54,45.515,4,0.0538,14.7922,438.47484,0.39791018
MNW16019,206,calf,M,T8,T,RC,31.4,46.49,44.54,45.515,5,0.08464,7.32071,130.03911,0.309812447
MNW16019,206,calf,M,L1,L,RC,26.03,79.16,79.67,79.415,1,0.08694,5.81563,108.90991,0.252805436
MNW16019,206,calf,M,L1,L,RC,26.03,79.16,79.67,79.415,2,0.09851,8.78549,135.10896,0.43272931
MNW16019,206,calf,M,L1,L,RC,26.03,79.16,79.67,79.415,3,0.13287,11.45943,147.34759,0.761307232
MNW16019,206,calf,M,L1,L,RC,26.03,79.16,79.67,79.415,4,0.08334,10.91581,259.39558,0.454861803
MNW16019,206,calf,M,Ca2,Ca1,RC,18.97,76.44,72.65,74.545,1,0.10554,16.08097,279.38998,0.848592787
MNW16019,206,calf,M,Ca2,Ca1,RC,18.97,76.44,72.65,74.545,2,0.09801,16.30991,312.44501,0.79926714
MNW16019,206,calf,M,Ca2,Ca1,RC,18.97,76.44,72.65,74.545,3,0.12784,18.68806,265.68977,1.194540795
MNW16019,206,calf,M,Ca2,Ca1,RC,18.97,76.44,72.65,74.545,4,0.14032,17.8405,346.78601,1.25168948
MNW16019,206,calf,M,Ca2,Ca1,RC,18.97,76.44,72.65,74.545,5,0.1269,9.57937,125.78336,0.607811027
MNW16019,206,calf,M,Ca6,Ca2,RC,10.76,71.55,72.57,72.06,1,0.15044,19.2267,314.80132,1.446232374
MNW16019,206,calf,M,Ca6,Ca2,RC,10.76,71.55,72.57,72.06,2,0.14698,14.09939,208.13017,1.036164171
MNW16019,206,calf,M,Ca6,Ca2,RC,10.76,71.55,72.57,72.06,3,0.13567,18.25764,261.2379,1.238507009
MNW16019,206,calf,M,Ca6,Ca2,RC,10.76,71.55,72.57,72.06,4,0.16364,22.44003,283.50379,1.836043255
MNW16019,206,calf,M,Ca6,Ca2,RC,10.76,71.55,72.57,72.06,5,0.12064,19.2667,327.4036,1.162167344
MNW16014,209,calf,F,T8,T,RC,55.8,32.1,33.08,32.59,1,0.13636,8.51826,91.23567,0.580774967
MNW16014,209,calf,F,T8,T,RC,55.8,32.1,33.08,32.59,2,0.12376,9.23607,139.77284,0.571528012
MNW16014,209,calf,F,T8,T,RC,55.8,32.1,33.08,32.59,3,0.15062,17.71305,224.27289,1.333969796
MNW16014,209,calf,F,T8,T,RC,55.8,32.1,33.08,32.59,4,0.13373,15.22119,166.39094,1.017764869
MNW16014,209,calf,F,T8,T,RC,55.8,32.1,33.08,32.59,5,0.10232,8.38671,114.16264,0.429064084
MNW16014,209,calf,F,L1,L,RC,44.16,76.85,73.63,75.24,1,0.089234,4.70499,87.35369,0.209922539
MNW16014,209,calf,F,L1,L,RC,44.16,76.85,73.63,75.24,2,0.08148,1.60856,34.39406,0.065532734
MNW16014,209,calf,F,L1,L,RC,44.16,76.85,73.63,75.24,3,0.07732,4.80951,96.95889,0.185935657
MNW16014,209,calf,F,L1,L,RC,44.16,76.85,73.63,75.24,4,0.11048,13.67268,216.16734,0.755278843
MNW16014,209,calf,F,L1,L,RC,44.16,76.85,73.63,75.24,5,0.13534,13.79508,199.61372,0.933513064
MNW16014,209,calf,F,Ca2,Ca1,RC,44.92,97.63,92.65,95.14,1,0.09175,14.83805,252.87036,0.680695544
MNW16014,209,calf,F,Ca2,Ca1,RC,44.92,97.63,92.65,95.14,2,0.08245,11.56545,220.6492,0.476785676
MNW16014,209,calf,F,Ca2,Ca1,RC,44.92,97.63,92.65,95.14,3,0.11981,13.90936,260.9821,0.833240211
MNW16014,209,calf,F,Ca2,Ca1,RC,44.92,97.63,92.65,95.14,4,0.1075,23.75017,451.0849,1.276571638
MNW16014,209,calf,F,Ca2,Ca1,RC,44.92,97.63,92.65,95.14,5,0.08952,19.70783,335.67691,0.882122471
MNW16014,209,calf,F,Ca6,Ca2,RC,33.73,64.2,76.03,70.115,1,0.18167,20.71647,191.39606,1.881780552
MNW16014,209,calf,F,Ca6,Ca2,RC,33.73,64.2,76.03,70.115,2,0.14788,15.49093,204.55433,1.145399364
MNW16014,209,calf,F,Ca6,Ca2,RC,33.73,64.2,76.03,70.115,3,0.1348,7.92884,84.95326,0.534403816
MNW16014,209,calf,F,Ca6,Ca2,RC,33.73,64.2,76.03,70.115,4,0.15403,21.06308,241.25248,1.622173106
MNW16014,209,calf,F,Ca6,Ca2,RC,33.73,64.2,76.03,70.115,5,0.12255,25.18083,338.01287,1.542955358
MSW16023,185,calf,F,T8,T,RC,38.07,23.08,20.99,22.035,1,0.09724,7.30163,128.13772,0.355005251
MSW16023,185,calf,F,T8,T,RC,38.07,23.08,20.99,22.035,2,0.08576,4.66663,67.80922,0.200105094
MSW16023,185,calf,F,T8,T,RC,38.07,23.08,20.99,22.035,3,0.07059,10.65774,292.29389,0.376164933
MSW16023,185,calf,F,T8,T,RC,38.07,23.08,20.99,22.035,4,0.05829,4.35625,128.49918,0.126962906
MSW16023,185,calf,F,L1,L,RC,32.98,48.45,49.21,48.83,1,0.07151,5.25487,120.23622,0.187887877
MSW16023,185,calf,F,L1,L,RC,32.98,48.45,49.21,48.83,2,0.06189,4.30086,137.28369,0.133090113
MSW16023,185,calf,F,L1,L,RC,32.98,48.45,49.21,48.83,3,0.15227,5.61631,54.46014,0.427597762
MSW16023,185,calf,F,L1,L,RC,32.98,48.45,49.21,48.83,4,0.0861,7.55277,193.0513,0.325146749
MSW16023,185,calf,F,L1,L,RC,32.98,48.45,49.21,48.83,5,0.06681,7.88856,200.96428,0.263517347
MSW16023,185,calf,F,Ca2,Ca1,RC,23.5,67.9,70.35,69.125,1,0.07482,13.6638,325.92651,0.511162758
MSW16023,185,calf,F,Ca2,Ca1,RC,23.5,67.9,70.35,69.125,2,0.06533,15.63257,437.97961,0.510637899
MSW16023,185,calf,F,Ca2,Ca1,RC,23.5,67.9,70.35,69.125,3,0.06353,19.27008,625.88041,0.612114091
MSW16023,185,calf,F,Ca2,Ca1,RC,23.5,67.9,70.35,69.125,4,0.08321,24.53852,850.08805,1.020925125
MSW16023,185,calf,F,Ca2,Ca1,RC,23.5,67.9,70.35,69.125,5,0.07482,19.01632,14.85238,0.711400531
MSW16023,185,calf,F,Ca6,Ca2,RC,14.48,61.24,46.97D,61.24,1,0.08748,17.25817,316.33694,0.754872356
MSW16023,185,calf,F,Ca6,Ca2,RC,14.48,61.24,46.97D,61.24,2,0.08267,15.34565,338.13216,0.634312443
MSW16023,185,calf,F,Ca6,Ca2,RC,14.48,61.24,46.97D,61.24,3,0.07732,19.39164,423.56205,0.749680802
MSW16023,185,calf,F,Ca6,Ca2,RC,14.48,61.24,46.97D,61.24,4,0.11042,20.29667,334.4984,1.120579151
MSW16023,185,calf,F,Ca6,Ca2,RC,14.48,61.24,46.97D,61.24,5,0.13723,20.15975,312.66307,1.383261246
MEC16019,250,subadult,F,T8,T,RC,63.17,34.4,34.71,34.555,1,0.13063,17.884,205.934,1.16809346
MEC16019,250,subadult,F,T8,T,RC,63.17,34.4,34.71,34.555,2,0.05872,15.513,430.295,0.45546168
MEC16019,250,subadult,F,T8,T,RC,63.17,34.4,34.71,34.555,3,0.09859,26.765,510.142,1.319380675
MEC16019,250,subadult,F,T8,T,RC,63.17,34.4,34.71,34.555,4,,,518.51907,
MEC16019,250,subadult,F,T8,T,RC,63.17,34.4,34.71,34.555,5,0.09482,43.966,914.819,2.08442806
MEC16019,250,subadult,F,L1,L,RC,49.23,69.65,74.38,72.015,1,,,762.61507,
MEC16019,250,subadult,F,L1,L,RC,49.23,69.65,74.38,72.015,2,,,754.01579,
MEC16019,250,subadult,F,L1,L,RC,49.23,69.65,74.38,72.015,3,0.08389,17.638,364.787,0.73982591
MEC16019,250,subadult,F,L1,L,RC,49.23,69.65,74.38,72.015,4,0.11315,34.942,506.695,1.97684365
MEC16019,250,subadult,F,L1,L,RC,49.23,69.65,74.38,72.015,5,,,837.93616,
MEC16019,250,subadult,F,Ca2,Ca1,RC,34.41,105.81,112.53,109.17,1,0.07068,24.7954,613.1679,0.876269436
MEC16019,250,subadult,F,Ca2,Ca1,RC,34.41,105.81,112.53,109.17,2,0.07612,19.02208,398.0296,0.723980365
MEC16019,250,subadult,F,Ca2,Ca1,RC,34.41,105.81,112.53,109.17,3,0.10066,21.1104,335.2151,1.062486432
MEC16019,250,subadult,F,Ca2,Ca1,RC,34.41,105.81,112.53,109.17,4,0.08925,22.98718,410.1584,1.025802908
MEC16019,250,subadult,F,Ca2,Ca1,RC,34.41,105.81,112.53,109.17,5,0.16491,21.4026,264.1373,1.764751383
MEC16019,250,subadult,F,Ca6,Ca2,RC,19.02,93.78,90.63,92.205,1,,,495.43709,
MEC16019,250,subadult,F,Ca6,Ca2,RC,19.02,93.78,90.63,92.205,2,0.12357,25.2448,412.081,1.559749968
MEC16019,250,subadult,F,Ca6,Ca2,RC,19.02,93.78,90.63,92.205,3,,,384.47788,
MEC16019,250,subadult,F,Ca6,Ca2,RC,19.02,93.78,90.63,92.205,4,,,466.5834,
MEC16019,250,subadult,F,Ca6,Ca2,RC,19.02,93.78,90.63,92.205,5,0.11744,27.4713,447.8948,1.613114736
MNW16018,245,subadult,M,T8,T,RC,60.78,33.07,34.25,33.66,1,0.06799,12.92776,360.57157,0.439479201
MNW16018,245,subadult,M,T8,T,RC,60.78,33.07,34.25,33.66,2,0.12886,6.6871,87.4689,0.430849853
MNW16018,245,subadult,M,T8,T,RC,60.78,33.07,34.25,33.66,3,0.14376,16.396,169.24593,1.17854448
MNW16018,245,subadult,M,T8,T,RC,60.78,33.07,34.25,33.66,4,0.10762,19.10406,336.11049,1.027989469
MNW16018,245,subadult,M,T8,T,RC,60.78,33.07,34.25,33.66,5,0.08713,15.73719,316.14678,0.685590682
MNW16018,245,subadult,M,L1,L,RC,54.1,,,,1,0.05013,7.00892,222.25749,0.17567858
MNW16018,245,subadult,M,L1,L,RC,54.1,,,,2,0.10796,3.14558,53.49374,0.169798408
MNW16018,245,subadult,M,L1,L,RC,54.1,,,,3,0.08317,14.06745,305.86516,0.584994908
MNW16018,245,subadult,M,L1,L,RC,54.1,,,,4,0.08369,9.36173,191.68839,0.391741592
MNW16018,245,subadult,M,L1,L,RC,54.1,,,,5,0.05977,10.73476,324.92154,0.320808303
MNW16018,245,subadult,M,Ca2,Ca1,RC,38.46,88.04,91.84,89.94,1,0.08238,16.12227,338.84551,0.664076301
MNW16018,245,subadult,M,Ca2,Ca1,RC,38.46,88.04,91.84,89.94,2,0.08442,9.52958,191.20908,0.402243572
MNW16018,245,subadult,M,Ca2,Ca1,RC,38.46,88.04,91.84,89.94,3,0.0887,17.47108,413.3911,0.774842398
MNW16018,245,subadult,M,Ca2,Ca1,RC,38.46,88.04,91.84,89.94,4,0.09527,17.23713,328.78903,0.821090688
MNW16018,245,subadult,M,Ca2,Ca1,RC,38.46,88.04,91.84,89.94,5,0.10942,19.13825,382.11352,1.047053658
MNW16018,245,subadult,M,Ca6,Ca2,RC,17.32,70.97,31.11D,70.97,1,0.15427,16.73312,228.43977,1.290709211
MNW16018,245,subadult,M,Ca6,Ca2,RC,17.32,70.97,31.11D,70.97,2,0.11402,8.34965,106.63313,0.476013547
MNW16018,245,subadult,M,Ca6,Ca2,RC,17.32,70.97,31.11D,70.97,3,0.09597,22.09932,358.04091,1.06043587
MNW16018,245,subadult,M,Ca6,Ca2,RC,17.32,70.97,31.11D,70.97,4,0.10853,14.02619,297.78044,0.7611312
MNW16018,245,subadult,M,Ca6,Ca2,RC,17.32,70.97,31.11D,70.97,5,0.10944,16.06904,239.48346,0.879297869
MEC16022,243,subadult,F,T8,T,RC,30.63D,56.7,57.38,57.04,1,0.07978,9.90075,199.4478,0.394940918
MEC16022,243,subadult,F,T8,T,RC,30.63D,56.7,57.38,57.04,2,0.10849,13.93649,238.30956,0.7559849
MEC16022,243,subadult,F,T8,T,RC,30.63D,56.7,57.38,57.04,3,0.11659,21.61328,279.0817,1.259946158
MEC16022,243,subadult,F,T8,T,RC,30.63D,56.7,57.38,57.04,4,0.11315,19.63495,370.57457,1.110847296
MEC16022,243,subadult,F,T8,T,RC,30.63D,56.7,57.38,57.04,5,0.09559,15.37121,304.58871,0.734666982
MEC16022,243,subadult,F,L1,L,RC,32.19,92.14,71.13,81.635,1,0.10186,15.32236,275.95457,0.780367795
MEC16022,243,subadult,F,L1,L,RC,32.19,92.14,71.13,81.635,2,0.16084,10.8351,149.67851,0.871358742
MEC16022,243,subadult,F,L1,L,RC,32.19,92.14,71.13,81.635,3,0.1121,13.52104,356.40822,0.757854292
MEC16022,243,subadult,F,L1,L,RC,32.19,92.14,71.13,81.635,4,0.08885,16.02763,276.68033,0.712027463
MEC16022,243,subadult,F,L1,L,RC,32.19,92.14,71.13,81.635,5,0.07967,16.3346,474.511,0.650688791
MEC16022,243,subadult,F,Ca2,Ca1,RC,19.14,101.7,101.58,101.64,1,0.09666,18.95596,452.69768,0.916141547
MEC16022,243,subadult,F,Ca2,Ca1,RC,19.14,101.7,101.58,101.64,2,0.10052,12.40433,237.28297,0.623441626
MEC16022,243,subadult,F,Ca2,Ca1,RC,19.14,101.7,101.58,101.64,3,0.12115,19.79131,312.98536,1.198858603
MEC16022,243,subadult,F,Ca2,Ca1,RC,19.14,101.7,101.58,101.64,4,0.14197,16.65547,296.57207,1.182288538
MEC16022,243,subadult,F,Ca2,Ca1,RC,19.14,101.7,101.58,101.64,5,0.12115,21.06122,378.58214,1.275783402
MEC16022,243,subadult,F,Ca6,Ca2,RC,13.12,74.82,89.48,82.15,1,0.1194,17.65296,307.09161,1.053881712
MEC16022,243,subadult,F,Ca6,Ca2,RC,13.12,74.82,89.48,82.15,2,0.09769,14.2015,280.41047,0.693672268
MEC16022,243,subadult,F,Ca6,Ca2,RC,13.12,74.82,89.48,82.15,3,0.10942,12.65475,242.11945,0.692341373
MEC16022,243,subadult,F,Ca6,Ca2,RC,13.12,74.82,89.48,82.15,4,0.10649,19.59191,369.70568,1.043171248
MEC16022,243,subadult,F,Ca6,Ca2,RC,13.12,74.82,89.48,82.15,5,0.1179,22.19906,357.18461,1.308634587
LPZ103313,256,subadult,M,T8,T,RC,61.54,25.97,26.09,26.03,1,0.12594,11.04976,166.8217,0.695803387
LPZ103313,256,subadult,M,T8,T,RC,61.54,25.97,26.09,26.03,2,0.07066,8.55207,186.83955,0.302144633
LPZ103313,256,subadult,M,T8,T,RC,61.54,25.97,26.09,26.03,3,0.10468,6.599,99.16769,0.34539166
LPZ103313,256,subadult,M,T8,T,RC,61.54,25.97,26.09,26.03,4,0.1171,11.72163,176.43302,0.686301437
LPZ103313,256,subadult,M,L1,L,RC,48.5,61.75,74.25,68,1,0.08809,14.65428,325.77993,0.645447763
LPZ103313,256,subadult,M,L1,L,RC,48.5,61.75,74.25,68,2,0.06542,7.76365,189.90321,0.253948992
LPZ103313,256,subadult,M,L1,L,RC,48.5,61.75,74.25,68,3,0.08506,12.66546,246.61915,0.538662014
LPZ103313,256,subadult,M,L1,L,RC,48.5,61.75,74.25,68,4,0.08635,10.35698,218.43403,0.447162612
LPZ103313,256,subadult,M,L1,L,RC,48.5,61.75,74.25,68,5,0.11025,7.63465,108.81348,0.420860081
LPZ103313,256,subadult,M,Ca2,Ca1,RC,36.56,127.5,105.5,116.5,1,0.09762,24.29584,514.45756,1.18587995
LPZ103313,256,subadult,M,Ca2,Ca1,RC,36.56,127.5,105.5,116.5,2,0.11686,16.50111,241.78034,0.964159857
LPZ103313,256,subadult,M,Ca2,Ca1,RC,36.56,127.5,105.5,116.5,3,0.10103,20.74578,395.15699,1.047973077
LPZ103313,256,subadult,M,Ca2,Ca1,RC,36.56,127.5,105.5,116.5,4,0.08081,18.502,368.51888,0.74757331
LPZ103313,256,subadult,M,Ca2,Ca1,RC,36.56,127.5,105.5,116.5,5,0.12902,16.61728,215.05937,1.071980733
LPZ103313,256,subadult,M,Ca6,Ca2,RC,21.88,93.99,90.69,92.34,1,0.1097,20.62808,389.30233,1.131450188
LPZ103313,256,subadult,M,Ca6,Ca2,RC,21.88,93.99,90.69,92.34,2,0.11032,14.27453,206.40696,0.787383075
LPZ103313,256,subadult,M,Ca6,Ca2,RC,21.88,93.99,90.69,92.34,3,0.10433,19.65213,312.73892,1.025153361
LPZ103313,256,subadult,M,Ca6,Ca2,RC,21.88,93.99,90.69,92.34,4,0.12192,20.64845,318.94046,1.258729512
LPZ103313,256,subadult,M,Ca6,Ca2,RC,21.88,93.99,90.69,92.34,5,0.10435,20.60402,346.07656,1.075014744
MNW16021,241,subadult,M,T8,T,RC,67.73,42.83,45.44,44.135,1,0.0595,22.67159,653.59512,0.674479803
MNW16021,241,subadult,M,T8,T,RC,67.73,42.83,45.44,44.135,2,0.05621,19.04732,606.80336,0.535324929
MNW16021,241,subadult,M,T8,T,RC,67.73,42.83,45.44,44.135,3,0.073,16.56292,426.72525,0.60454658
MNW16021,241,subadult,M,T8,T,RC,67.73,42.83,45.44,44.135,4,0.0545,13.87522,430.5115,0.378099745
MNW16021,241,subadult,M,T8,T,RC,67.73,42.83,45.44,44.135,5,0.06032,13.67739,406.95328,0.412510082
MNW16021,241,subadult,M,L1,L,RC,43.05,81.8,85.09,83.445,1,0.08676,27.65146,540.50896,1.199520335
MNW16021,241,subadult,M,L1,L,RC,43.05,81.8,85.09,83.445,2,0.06977,18.07774,589.68485,0.63064196
MNW16021,241,subadult,M,L1,L,RC,43.05,81.8,85.09,83.445,3,0.05968,11.61406,352.41299,0.34656355
MNW16021,241,subadult,M,L1,L,RC,43.05,81.8,85.09,83.445,4,0.06045,18.89065,551.89662,0.570969896
MNW16021,241,subadult,M,L1,L,RC,43.05,81.8,85.09,83.445,5,0.05315,14.10088,451.50896,0.374730886
MNW16021,241,subadult,M,Ca2,Ca1,RC,39.42,102.78,105.76,104.27,1,0.09224,27.70492,522.82632,1.27775091
MNW16021,241,subadult,M,Ca2,Ca1,RC,39.42,102.78,105.76,104.27,2,0.08298,25.33757,565.13881,1.051255779
MNW16021,241,subadult,M,Ca2,Ca1,RC,39.42,102.78,105.76,104.27,3,0.09741,41.67879,884.84253,2.029965467
MNW16021,241,subadult,M,Ca2,Ca1,RC,39.42,102.78,105.76,104.27,4,0.1037,22.83546,366.50086,1.184018601
MNW16021,241,subadult,M,Ca2,Ca1,RC,39.42,102.78,105.76,104.27,5,0.08514,29.1204,784.50924,1.239655428
MNW16021,241,subadult,M,Ca6,Ca2,RC,18.8,79.43,80.01,79.72,1,0.10429,18.73221,309.56868,0.97679109
MNW16021,241,subadult,M,Ca6,Ca2,RC,18.8,79.43,80.01,79.72,2,0.13503,14.48586,201.36384,0.978012838
MNW16021,241,subadult,M,Ca6,Ca2,RC,18.8,79.43,80.01,79.72,3,0.13107,24.79278,303.66717,1.624794837
MNW16021,241,subadult,M,Ca6,Ca2,RC,18.8,79.43,80.01,79.72,4,0.14075,21.63874,238.80625,1.522826328
MNW16021,241,subadult,M,Ca6,Ca2,RC,18.8,79.43,80.01,79.72,5,0.15277,16.90129,178.28625,1.291005037
MEC15085,292,adult,F,T8,T,RC,63.45,56.03,59.1,57.565,1,0.03319,12.67134,596.858,0.210280887
MEC15085,292,adult,F,T8,T,RC,63.45,56.03,59.1,57.565,2,0.02892,20.97977,1009.686,0.303367474
MEC15085,292,adult,F,T8,T,RC,63.45,56.03,59.1,57.565,3,0.02257,11.71557,853.894,0.132210207
MEC15085,292,adult,F,T8,T,RC,63.45,56.03,59.1,57.565,4,0.03115,17.472,789.123,0.2721264
MEC15085,292,adult,F,T8,T,RC,63.45,56.03,59.1,57.565,5,0.04929,16.246,567.378,0.40038267
MEC15085,292,adult,F,L1,L,RC,46.72,127.04,131.59,129.315,1,0.03355,13.24372,558.142,0.222163403
MEC15085,292,adult,F,L1,L,RC,46.72,127.04,131.59,129.315,2,0.04002,16.75088,655.097,0.335185109
MEC15085,292,adult,F,L1,L,RC,46.72,127.04,131.59,129.315,3,0.03456,15.73388,582.164,0.271881446
MEC15085,292,adult,F,L1,L,RC,46.72,127.04,131.59,129.315,4,0.04691,13.825,426.694,0.324265375
MEC15085,292,adult,F,L1,L,RC,46.72,127.04,131.59,129.315,5,0.06845,28.18632,1064.278,0.964676802
MEC15085,292,adult,F,Ca2,Ca1,RC,33.15,120.38,124.43,122.405,1,0.0811,7.37878,131.233,0.299209529
MEC15085,292,adult,F,Ca2,Ca1,RC,33.15,120.38,124.43,122.405,2,0.07178,10.54771,275.783,0.378557312
MEC15085,292,adult,F,Ca2,Ca1,RC,33.15,120.38,124.43,122.405,3,0.08502,15.393,326.657,0.65435643
MEC15085,292,adult,F,Ca2,Ca1,RC,33.15,120.38,124.43,122.405,4,0.12212,5.978,69.283,0.36501668
MEC15085,292,adult,F,Ca2,Ca1,RC,33.15,120.38,124.43,122.405,5,0.05864,16.9898,356.535,0.498140936
MEC15085,292,adult,F,Ca6,Ca2,RC,24.93,103.09,101.11,102.1,1,0.12295,17.744443,320.169,1.090839633
MEC15085,292,adult,F,Ca6,Ca2,RC,24.93,103.09,101.11,102.1,2,0.07856,13.58669,306.494,0.533685183
MEC15085,292,adult,F,Ca6,Ca2,RC,24.93,103.09,101.11,102.1,3,0.09114,18.48218,403.387,0.842232943
MEC15085,292,adult,F,Ca6,Ca2,RC,24.93,103.09,101.11,102.1,4,0.0486,6.99727,206.423,0.170033661
MEC15085,292,adult,F,Ca6,Ca2,RC,24.93,103.09,101.11,102.1,5,0.05576,10.42422,295.336,0.290627254
MNW16016,310,adult,M,T8,T,RC,61.63,68.26,60.17,64.215,1,0.15575,10.2501,115.8581,0.798226538
MNW16016,310,adult,M,T8,T,RC,61.63,68.26,60.17,64.215,2,0.08927,6.04099,98.1679,0.269639589
MNW16016,310,adult,M,T8,T,RC,61.63,68.26,60.17,64.215,3,0.09829,16.449,292.0944,0.808386105
MNW16016,310,adult,M,T8,T,RC,61.63,68.26,60.17,64.215,4,0.11971,16.005,230.1968,0.957979275
MNW16016,310,adult,M,T8,T,RC,61.63,68.26,60.17,64.215,5,0.11915,16.7834,209.3566,0.999871055
MNW16016,310,adult,M,L1,L,RC,48.45,120.99,127.87,124.43,1,,,308.38205,
MNW16016,310,adult,M,L1,L,RC,48.45,120.99,127.87,124.43,2,0.12044,18.1864,272.2218,1.095185008
MNW16016,310,adult,M,L1,L,RC,48.45,120.99,127.87,124.43,3,0.13841,15.0729,232.6346,1.043120045
MNW16016,310,adult,M,L1,L,RC,48.45,120.99,127.87,124.43,4,0.09649,17.468,325.2316,0.84274366
MNW16016,310,adult,M,L1,L,RC,48.45,120.99,127.87,124.43,5,0.12148,15.9196,282.5928,0.966956504
MNW16016,310,adult,M,Ca2,Ca1,RC,29.68,146.33,147.01,146.67,1,0.12422,18.4029,286.9748,1.143004119
MNW16016,310,adult,M,Ca2,Ca1,RC,29.68,146.33,147.01,146.67,2,0.66156,20.3751,242.2249,6.739675578
MNW16016,310,adult,M,Ca2,Ca1,RC,29.68,146.33,147.01,146.67,3,0.1073,19.67085,302.7568,1.055341103
MNW16016,310,adult,M,Ca2,Ca1,RC,29.68,146.33,147.01,146.67,4,0.1259,22.8158,329.0365,1.43625461
MNW16016,310,adult,M,Ca2,Ca1,RC,29.68,146.33,147.01,146.67,5,0.20653,25.2599,237.9591,2.608463574
MNW16016,310,adult,M,Ca6,Ca2,RC,20.28,119.44,116.18,117.81,1,0.11093,16.7131,275.4329,0.926992092
MNW16016,310,adult,M,Ca6,Ca2,RC,20.28,119.44,116.18,117.81,2,0.11526,12.4305,195.883,0.716369715
MNW16016,310,adult,M,Ca6,Ca2,RC,20.28,119.44,116.18,117.81,3,0.09382,21.4445,347.3044,1.005961495
MNW16016,310,adult,M,Ca6,Ca2,RC,20.28,119.44,116.18,117.81,4,0.12663,16.9283,211.6712,1.071815315
MNW16016,310,adult,M,Ca6,Ca2,RC,20.28,119.44,116.18,117.81,5,0.11983,14.8607,237.4976,0.890378841
MSE16016,308,adult,M,T8,T,RC,51.56,76.04,77.65,76.845,1,0.13453,28.35898,480.53805,1.90756679
MSE16016,308,adult,M,T8,T,RC,51.56,76.04,77.65,76.845,2,0.15558,17.06817,273.97658,1.327732944
MSE16016,308,adult,M,T8,T,RC,51.56,76.04,77.65,76.845,3,0.12854,29.92133,454.25965,1.923043879
MSE16016,308,adult,M,T8,T,RC,51.56,76.04,77.65,76.845,4,0.09716,25.99792,491.06062,1.262978954
MSE16016,308,adult,M,T8,T,RC,51.56,76.04,77.65,76.845,5,0.10587,24.54225,406.66935,1.299144004
MSE16016,308,adult,M,L1,L,RC,61.04,150.35,156.53,153.44,1,0.11735,17.33025,207.06652,1.016852419
MSE16016,308,adult,M,L1,L,RC,61.04,150.35,156.53,153.44,2,,,285.59553,
MSE16016,308,adult,M,L1,L,RC,61.04,150.35,156.53,153.44,3,0.26796,22.2235,260.01474,2.97750453
MSE16016,308,adult,M,L1,L,RC,61.04,150.35,156.53,153.44,4,0.0915,23.8357,474.42576,1.090483275
MSE16016,308,adult,M,L1,L,RC,61.04,150.35,156.53,153.44,5,0.09995,21.89695,396.22769,1.094300076
MSE16016,308,adult,M,Ca2,Ca1,RC,44.21,152.33,143.69,148.01,1,0.15854,23.39364,261.89303,1.854413843
MSE16016,308,adult,M,Ca2,Ca1,RC,44.21,152.33,143.69,148.01,2,0.12126,16.12406,233.04369,0.977601758
MSE16016,308,adult,M,Ca2,Ca1,RC,44.21,152.33,143.69,148.01,3,0.13008,23.26923,330.15314,1.513430719
MSE16016,308,adult,M,Ca2,Ca1,RC,44.21,152.33,143.69,148.01,4,0.13014,20.47344,303.28327,1.332206741
MSE16016,308,adult,M,Ca2,Ca1,RC,44.21,152.33,143.69,148.01,5,0.12822,19.04707,278.47285,1.221107658
MSE16016,308,adult,M,Ca6,Ca2,RC,22.19,99.08,83.87,91.475,1,0.09963,18.75716,373.54119,0.934387925
MSE16016,308,adult,M,Ca6,Ca2,RC,22.19,99.08,83.87,91.475,2,0.08573,20.20556,495.28547,0.866111329
MSE16016,308,adult,M,Ca6,Ca2,RC,22.19,99.08,83.87,91.475,3,0.12365,13.796666,245.10104,0.852978875
MSE16016,308,adult,M,Ca6,Ca2,RC,22.19,99.08,83.87,91.475,4,0.09106,15.20131,320.46732,0.692115644
MSE16016,308,adult,M,Ca6,Ca2,RC,22.19,99.08,83.87,91.475,5,0.09766,15.94354,320.90036,0.778523058
MSW16020,287,adult,M,T8,T,RC,66.17,33.91,32.55,33.23,1,0.12073,12.33805,208.22389,0.744786388
MSW16020,287,adult,M,T8,T,RC,66.17,33.91,32.55,33.23,2,0.1085,14.45023,210.93475,0.783924978
MSW16020,287,adult,M,T8,T,RC,66.17,33.91,32.55,33.23,3,0.17244,18.92752,225.77661,1.631930774
MSW16020,287,adult,M,T8,T,RC,66.17,33.91,32.55,33.23,4,0.08721,11.35175,226.6253,0.494993059
MSW16020,287,adult,M,T8,T,RC,66.17,33.91,32.55,33.23,5,0.08679,19.56185,325.20556,0.848886481
MSW16020,287,adult,M,L1,L,RC,52.55,82,91.75,86.875,1,0.10377,15.5111,248.05461,0.804793424
MSW16020,287,adult,M,L1,L,RC,52.55,82,91.75,86.875,2,0.08742,18.71586,415.82054,0.818070241
MSW16020,287,adult,M,L1,L,RC,52.55,82,91.75,86.875,3,0.12345,26.30336,430.30157,1.623574896
MSW16020,287,adult,M,L1,L,RC,52.55,82,91.75,86.875,4,0.15662,14.75492,194.66445,1.155457785
MSW16020,287,adult,M,L1,L,RC,52.55,82,91.75,86.875,5,0.1025,18.72297,295.12669,0.959552213
MSW16020,287,adult,M,Ca2,Ca1,RC,42.49,131.15,130,130.575,1,,,659.24123,
MSW16020,287,adult,M,Ca2,Ca1,RC,42.49,131.15,130,130.575,2,0.14153,19.88888,309.19815,1.407436593
MSW16020,287,adult,M,Ca2,Ca1,RC,42.49,131.15,130,130.575,3,0.10665,20.89266,356.02017,1.114101095
MSW16020,287,adult,M,Ca2,Ca1,RC,42.49,131.15,130,130.575,4,0.1027,28.30439,502.99649,1.453430427
MSW16020,287,adult,M,Ca2,Ca1,RC,42.49,131.15,130,130.575,5,0.09373,28.03818,527.11301,1.314009306
MSW16020,287,adult,M,Ca6,Ca2,RC,15.25,95.5,94.75,95.125,1,0.16069,14.64674,174.48293,1.176792325
MSW16020,287,adult,M,Ca6,Ca2,RC,15.25,95.5,94.75,95.125,2,0.11771,17.57722,301.71872,1.034507283
MSW16020,287,adult,M,Ca6,Ca2,RC,15.25,95.5,94.75,95.125,3,0.12935,17.74813,203.63531,1.147860308
MSW16020,287,adult,M,Ca6,Ca2,RC,15.25,95.5,94.75,95.125,4,0.17909,18.75182,170.50642,1.679131722
MSW16020,287,adult,M,Ca6,Ca2,RC,15.25,95.5,94.75,95.125,5,0.10644,21.13248,352.55044,1.124670586
MSW15072,308,adult,F,T8,T,RC,,,,,1,0.0543,23.94311,813.33497,0.650055437
MSW15072,308,adult,F,T8,T,RC,,,,,2,0.09543,22.61179,453.75167,1.07892156
MSW15072,308,adult,F,T8,T,RC,,,,,3,0.07113,23.68701,506.0793,0.842428511
MSW15072,308,adult,F,T8,T,RC,,,,,4,0.09789,22.63273,449.83977,1.10775897
MSW15072,308,adult,F,T8,T,RC,,,,,5,0.07008,26.17167,893.63782,0.917055317
MSW15072,308,adult,F,L1,L,RC,,,,,2,0.10294,23.67974,393.94206,1.218796218
MSW15072,308,adult,F,L1,L,RC,,,,,3,0.15489,22.06903,214.04915,1.709136028
MSW15072,308,adult,F,L1,L,RC,,,,,4,0.115,23.50641,369.90166,1.351618575
MSW15072,308,adult,F,L1,L,RC,,,,,5,0.08437,19.87404,438.9444,0.838386377
MSW15072,308,adult,F,Ca2,Ca1,RC,,,,,1,0.25614,16.47433,118.56993,2.109867443
MSW15072,308,adult,F,Ca2,Ca1,RC,,,,,2,,,281.41918,
MSW15072,308,adult,F,Ca2,Ca1,RC,,,,,3,0.24732,23.95404,196.87971,2.962156586
MSW15072,308,adult,F,Ca2,Ca1,RC,,,,,4,0.23798,25.46414,206.80934,3.029978019
MSW15072,308,adult,F,Ca2,Ca1,RC,,,,,5,0.17062,23.83002,267.65277,2.032939006
MSW15072,308,adult,F,Ca6,Ca2,RC,,,,,1,0.12373,21.98454,376.8803,1.360073567
MSW15072,308,adult,F,Ca6,Ca2,RC,,,,,2,0.10548,13.56858,197.95379,0.715606909
MSW15072,308,adult,F,Ca6,Ca2,RC,,,,,3,0.16359,16.74635,167.55482,1.369767698
MSW15072,308,adult,F,Ca6,Ca2,RC,,,,,4,0.16422,16.59215,191.98776,1.362381437
MSW15072,308,adult,F,Ca6,Ca2,RC,,,,,5,0.10916,18.38498,312.84773,1.003452208
MNW16017,98,perinatal,M,T9,T,DV,21.33,14.15,13,13.757,1,0.21411,4.42145,7.68,0.47333833
MNW16017,98,perinatal,M,L2,L,DV,,29.7,33.04,31.37,1,0.1449,3.5276,39.184,0.25557462
MNW16017,98,perinatal,M,Ca3,Ca1,DV,11.89,28.16,31,29.58,1,0.1244,4.0416,48.568,0.25138752
MNW16017,98,perinatal,M,Ca7,Ca2,DV,7.6,29.46,27.86,28.66,1,0.16945,4.3052,52.57,0.36475807
MNW16030,,perinatal,M,T9,T,DV,26.63,13.95,19.26,16.605,1,0.0935,7.27095,151.13479,0.339916913
MNW16030,,perinatal,M,Ca3,Ca1,DV,19.02,31.25,20.67,25.96,1,0.32045,7.71867,77.30805,1.236723901
MNW16030,,perinatal,M,Ca7,Ca2,DV,8.54,24.88,27.67,26.275,1,0.19805,4.40261,37.24634,0.435968455
MSW16058,119,perinatal,M,T9,T,DV,27.29,17.99,20.94,19.465,1,0.12409,5.3496,79.29173,0.331915932
MSW16058,119,perinatal,M,L2,L,DV,23.36,38.28,D,38.28,1,0.14109,4.92721,73.06145,0.347590029
MSW16058,119,perinatal,M,Ca3,Ca1,DV,20.51,33.64,31.72,32.68,1,0.27615,5.6051,40.04846,0.773924183
MSW16058,119,perinatal,M,Ca7,Ca2,DV,9.13,36.93,25.76,31.345,1,0.13788,4.51218,54.53538,0.311069689
MEC16038,113,perinatal,F,T9,T,DV,32.16,17.63,18.3,17.965,1,0.15443,5.36649,50.31001,0.414373525
MEC16038,113,perinatal,F,L2,L,DV,20.91,39.47,D,39.47,1,0.12024,3.03955,42.27957,0.182737746
MEC16038,113,perinatal,F,Ca3,Ca1,DV,23.66,41.57,43.53,42.55,1,0.09314,3.60026,73.60892,0.167664108
MEC16038,113,perinatal,F,Ca7,Ca2,DV,17.22,40.91,33.5,37.205,1,0.08925,4.35189,73.07392,0.194203091
MEC16048,130,perinatal,F,T9,T,DV,23.15,18.47,16.38,17.425,1,0.1041,2.69539,46.00488,0.14029505
MEC16048,130,perinatal,F,L2,L,DV,22.85,42.1,38.32,40.21,1,0.17155,3.05815,45.64082,0.262312816
MEC16048,130,perinatal,F,Ca3,Ca1,DV,14.01,31.97,25.28,28.625,1,0.17449,3.35868,30.7706,0.293028037
MEC16048,130,perinatal,F,Ca7,Ca2,DV,15.52,37,26.95,31.975,1,0.11209,2.9182,27.03068,0.163550519
MSW16028,192,calf,F,T9,T,DV,48.46,25.38,24.68,25.03,1,0.12622,20.95739,300.937,1.322620883
MSW16028,192,calf,F,T9,T,DV,48.46,25.38,24.68,25.03,2,0.09905,17.28467,290.18,0.856023282
MSW16028,192,calf,F,T9,T,DV,48.46,25.38,24.68,25.03,3,0.09488,12.58939,238.413,0.597240662
MSW16028,192,calf,F,T9,T,DV,48.46,25.38,24.68,25.03,4,0.09525,18.9059,300.792,0.900393488
MSW16028,192,calf,F,T9,T,DV,48.46,25.38,24.68,25.03,5,0.13277,13.83569,177.783,0.918482281
MSW16028,192,calf,F,L2,L,DV,35.72,89.5,83,86.25,1,0.08857,10.58128,174.44725,0.468591985
MSW16028,192,calf,F,L2,L,DV,35.72,89.5,83,86.25,2,0.12144,16.52031,282.39171,1.003113223
MSW16028,192,calf,F,L2,L,DV,35.72,89.5,83,86.25,3,0.15107,13.1191,206.87354,0.990951219
MSW16028,192,calf,F,L2,L,DV,35.72,89.5,83,86.25,4,0.1126,7.63587,143.18495,0.429899481
MSW16028,192,calf,F,L2,L,DV,35.72,89.5,83,86.25,5,0.10558,13.85825,245.34375,0.731577018
MSW16028,192,calf,F,Ca3,Ca1,DV,34.13,88.5,89.25,88.875,1,0.12349,2.56268,48.593,0.158232677
MSW16028,192,calf,F,Ca3,Ca1,DV,34.13,88.5,89.25,88.875,2,0.15127,3.77736,45.704,0.285700624
MSW16028,192,calf,F,Ca3,Ca1,DV,34.13,88.5,89.25,88.875,3,0.61288,7.20932,78.497,2.209224021
MSW16028,192,calf,F,Ca7,Ca2,DV,18.27,58.5,40.96 D,58.5,1,0.16659,11.94999,119.829,0.995374417
MSW16028,192,calf,F,Ca7,Ca2,DV,18.27,58.5,40.96 D,58.5,2,0.20753,12.55312,130.557,1.302574497
MSW16028,192,calf,F,Ca7,Ca2,DV,18.27,58.5,40.96 D,58.5,3,0.21794,8.6189,84.826,0.939201533
MSW16028,192,calf,F,Ca7,Ca2,DV,18.27,58.5,40.96 D,58.5,4,0.1661,10.37875,105.569,0.861955188
MSW16028,192,calf,F,Ca7,Ca2,DV,18.27,58.5,40.96 D,58.5,5,0.13599,8.8386,108.606,0.600980607
SWFTM1603b,219,calf,M,T9,T,DV,66.56,45.54,46.3,45.92,1,0.25209,6.24078,53.24234,0.786619115
SWFTM1603b,219,calf,M,T9,T,DV,66.56,45.54,46.3,45.92,2,0.10468,7.09524,106.92364,0.371364862
SWFTM1603b,219,calf,M,T9,T,DV,66.56,45.54,46.3,45.92,3,0.08421,5.51738,118.84812,0.232309285
SWFTM1603b,219,calf,M,T9,T,DV,66.56,45.54,46.3,45.92,4,0.1149,4.8416,64.47056,0.27814992
SWFTM1603b,219,calf,M,T9,T,DV,66.56,45.54,46.3,45.92,5,0.08679,4.47454,72.6902,0.194172663
SWFTM1603b,219,calf,M,L2,L,DV,42.09,96.16,111.39,103.775,1,0.17078,3.11712,36.59482,0.266170877
SWFTM1603b,219,calf,M,L2,L,DV,42.09,96.16,111.39,103.775,2,0.12849,5.09843,61.8826,0.327548635
SWFTM1603b,219,calf,M,L2,L,DV,42.09,96.16,111.39,103.775,3,0.09705,4.41248,73.20975,0.214115592
SWFTM1603b,219,calf,M,L2,L,DV,42.09,96.16,111.39,103.775,4,0.14474,4.49546,49.89264,0.32533644
SWFTM1603b,219,calf,M,L2,L,DV,42.09,96.16,111.39,103.775,5,0.18964,3.97119,37.45656,0.376548236
SWFTM1603b,219,calf,M,Ca3,Ca1,DV,30.81,92.25,91.29,91.77,1,0.23584,10.53379,94.13674,1.242144517
SWFTM1603b,219,calf,M,Ca3,Ca1,DV,30.81,92.25,91.29,91.77,2,0.0822,7.21035,149.09683,0.296345385
SWFTM1603b,219,calf,M,Ca3,Ca1,DV,30.81,92.25,91.29,91.77,3,0.13944,8.31717,125.9043,0.579873092
SWFTM1603b,219,calf,M,Ca3,Ca1,DV,30.81,92.25,91.29,91.77,4,0.11045,5.38975,74.77576,0.297648944
SWFTM1603b,219,calf,M,Ca3,Ca1,DV,30.81,92.25,91.29,91.77,5,0.10702,4.9903,73.27822,0.267030953
SWFTM1603b,219,calf,M,Ca7,Ca2,DV,16.52,77.07,79.69,78.38,1,0.12394,8.58762,115.8176,0.532174811
SWFTM1603b,219,calf,M,Ca7,Ca2,DV,16.52,77.07,79.69,78.38,2,0.11789,9.70765,142.0231,0.572217429
SWFTM1603b,219,calf,M,Ca7,Ca2,DV,16.52,77.07,79.69,78.38,3,0.21343,12.51031,148.15899,1.335037732
SWFTM1603b,219,calf,M,Ca7,Ca2,DV,16.52,77.07,79.69,78.38,4,0.07661,7.52137,139.42639,0.288106078
SWFTM1603b,219,calf,M,Ca7,Ca2,DV,16.52,77.07,79.69,78.38,5,0.09574,9.0297,155.88301,0.432251739
MNW16019,206,calf,M,T9,T,DV,31.41,46.24,50.08,48.16,1,0.05827,1.48189,29.86552,0.043174865
MNW16019,206,calf,M,T9,T,DV,31.41,46.24,50.08,48.16,2,0.09543,3.08217,46.28648,0.147065742
MNW16019,206,calf,M,T9,T,DV,31.41,46.24,50.08,48.16,3,0.17079,6.37081,60.79982,0.54403532
MNW16019,206,calf,M,T9,T,DV,31.41,46.24,50.08,48.16,4,0.13713,4.44776,55.04219,0.304960664
MNW16019,206,calf,M,T9,T,DV,31.41,46.24,50.08,48.16,5,0.17548,4.06502,32.5612,0.356664855
MNW16019,206,calf,M,L2,L,DV,35.91,80.17,84.96,82.565,1,0.14623,5.88263,53.75444,0.430108492
MNW16019,206,calf,M,L2,L,DV,35.91,80.17,84.96,82.565,2,0.10649,7.35174,126.58172,0.391443396
MNW16019,206,calf,M,L2,L,DV,35.91,80.17,84.96,82.565,3,0.15734,5.89776,69.40196,0.463976779
MNW16019,206,calf,M,L2,L,DV,35.91,80.17,84.96,82.565,4,0.1229,5.27922,69.2533,0.324408069
MNW16019,206,calf,M,L2,L,DV,35.91,80.17,84.96,82.565,5,0.14367,5.38011,60.37546,0.386480202
MNW16019,206,calf,M,Ca3,Ca1,DV,10.38,73.55,76.38,74.965,1,0.12717,9.2821,126.34223,0.590202329
MNW16019,206,calf,M,Ca3,Ca1,DV,10.38,73.55,76.38,74.965,2,0.14884,14.56429,196.1682,1.083874462
MNW16019,206,calf,M,Ca3,Ca1,DV,10.38,73.55,76.38,74.965,3,0.19926,12.95685,159.08709,1.290890966
MNW16019,206,calf,M,Ca3,Ca1,DV,10.38,73.55,76.38,74.965,4,0.13666,10.10119,133.88835,0.690214313
MNW16019,206,calf,M,Ca3,Ca1,DV,10.38,73.55,76.38,74.965,5,0.16171,12.32062,165.34975,0.99618373
MNW16019,206,calf,M,Ca7,Ca2,DV,6.74,71.61,74.09,72.85,1,0.11747,7.10964,102.65134,0.417584705
MNW16019,206,calf,M,Ca7,Ca2,DV,6.74,71.61,74.09,72.85,2,0.16268,6.00062,67.1401,0.488090431
MNW16019,206,calf,M,Ca7,Ca2,DV,6.74,71.61,74.09,72.85,3,0.16438,7.62553,76.06323,0.626742311
MNW16019,206,calf,M,Ca7,Ca2,DV,6.74,71.61,74.09,72.85,4,0.12875,7.22703,113.09309,0.465240056
MNW16019,206,calf,M,Ca7,Ca2,DV,6.74,71.61,74.09,72.85,5,0.13974,8.17141,104.03093,0.570936417
MNW16014,209,calf,F,T9,T,DV,55.82,35.35,34.61,34.98,1,0.11295,4.33016,53.78972,0.244545786
MNW16014,209,calf,F,T9,T,DV,55.82,35.35,34.61,34.98,2,0.09512,4.81137,82.59428,0.228828757
MNW16014,209,calf,F,T9,T,DV,55.82,35.35,34.61,34.98,3,0.13098,4.46332,90.05311,0.292302827
MNW16014,209,calf,F,T9,T,DV,55.82,35.35,34.61,34.98,4,0.08111,8.89441,166.99779,0.360712798
MNW16014,209,calf,F,T9,T,DV,55.82,35.35,34.61,34.98,5,0.15935,4.46505,49.88287,0.355752859
MNW16014,209,calf,F,L2,L,DV,51.74,84.77,83.95,84.36,1,0.08397,2.26056,35.44798,0.094909612
MNW16014,209,calf,F,L2,L,DV,51.74,84.77,83.95,84.36,2,0.11606,5.62119,84.40707,0.326197656
MNW16014,209,calf,F,L2,L,DV,51.74,84.77,83.95,84.36,3,0.09502,6.27444,106.16369,0.298098644
MNW16014,209,calf,F,L2,L,DV,51.74,84.77,83.95,84.36,4,0.09188,6.66169,120.46951,0.306038039
MNW16014,209,calf,F,L2,L,DV,51.74,84.77,83.95,84.36,5,0.08054,6.6549,131.94052,0.267992823
MNW16014,209,calf,F,Ca7,Ca2,DV,29.76,63.41,59.59,61.5,1,0.12681,12.36289,172.73881,0.78386904
MNW16014,209,calf,F,Ca7,Ca2,DV,29.76,63.41,59.59,61.5,2,0.07696,5.89775,87.6105,0.22694542
MNW16014,209,calf,F,Ca7,Ca2,DV,29.76,63.41,59.59,61.5,3,0.16945,10.38938,96.03912,0.880240221
MNW16014,209,calf,F,Ca7,Ca2,DV,29.76,63.41,59.59,61.5,4,0.13292,10.85913,117.70152,0.72169778
MNW16014,209,calf,F,Ca7,Ca2,DV,29.76,63.41,59.59,61.5,5,0.1591,7.96614,108.71772,0.633706437
MSW16023,185,calf,F,T9,T,DV,21.77,23.7,21.67,22.685,1,0.11414,2.54282,35.60721,0.145118737
MSW16023,185,calf,F,T9,T,DV,21.77,23.7,21.67,22.685,2,0.12664,2.69789,32.92303,0.170830395
MSW16023,185,calf,F,T9,T,DV,21.77,23.7,21.67,22.685,3,0.09225,2.16103,38.04929,0.099677509
MSW16023,185,calf,F,T9,T,DV,21.77,23.7,21.67,22.685,4,0.09019,2.74588,44.23471,0.123825459
MSW16023,185,calf,F,T9,T,DV,21.77,23.7,21.67,22.685,5,0.13703,3.99929,52.1521,0.274011354
MSW16023,185,calf,F,L2,L,DV,17.11,80.41,67.75,74.08,1,0.12231,3.70636,57.78476,0.226662446
MSW16023,185,calf,F,L2,L,DV,17.11,80.41,67.75,74.08,2,0.27781,3.53567,19.75502,0.491122241
MSW16023,185,calf,F,L2,L,DV,17.11,80.41,67.75,74.08,3,0.17533,2.01684,14.93276,0.176806279
MSW16023,185,calf,F,L2,L,DV,17.11,80.41,67.75,74.08,4,0.12022,4.48477,58.8099,0.269579525
MSW16023,185,calf,F,L2,L,DV,17.11,80.41,67.75,74.08,5,0.16162,4.7951,54.04721,0.387492031
MSW16023,185,calf,F,Ca3,Ca1,DV,26.15,62.61,65.96,64.285,1,0.12725,11.38546,152.70605,0.724399893
MSW16023,185,calf,F,Ca3,Ca1,DV,26.15,62.61,65.96,64.285,2,0.217,12.72993,110.07849,1.381197405
MSW16023,185,calf,F,Ca3,Ca1,DV,26.15,62.61,65.96,64.285,3,0.09933,10.93329,236.64579,0.543001848
MSW16023,185,calf,F,Ca3,Ca1,DV,26.15,62.61,65.96,64.285,4,0.10855,12.83242,193.09682,0.696479596
MSW16023,185,calf,F,Ca3,Ca1,DV,26.15,62.61,65.96,64.285,5,0.08996,5.03252,90.36104,0.22636275
MSW16023,185,calf,F,Ca7,Ca2,DV,12.85,41.94,51.53,46.735,1,0.09825,5.80438,92.22616,0.285140168
MSW16023,185,calf,F,Ca7,Ca2,DV,12.85,41.94,51.53,46.735,2,0.17907,9.54607,121.52897,0.854707377
MSW16023,185,calf,F,Ca7,Ca2,DV,12.85,41.94,51.53,46.735,3,0.17259,8.00291,78.21804,0.690611118
MSW16023,185,calf,F,Ca7,Ca2,DV,12.85,41.94,51.53,46.735,4,0.10053,9.97213,194.75864,0.501249114
MSW16023,185,calf,F,Ca7,Ca2,DV,12.85,41.94,51.53,46.735,5,0.16787,10.39885,84.1012,0.872827475
MEC16019,250,subadult,F,T9,T,DV,61.49,30,30.86,30.43,1,0.3656,7.31606,37.72265,1.337375768
MEC16019,250,subadult,F,T9,T,DV,61.49,30,30.86,30.43,2,0.12693,13.07066,152.01556,0.829529437
MEC16019,250,subadult,F,T9,T,DV,61.49,30,30.86,30.43,3,0.18593,18.0064,233.88375,1.673964976
MEC16019,250,subadult,F,T9,T,DV,61.49,30,30.86,30.43,4,0.10362,14.88117,261.12279,0.770993418
MEC16019,250,subadult,F,T9,T,DV,61.49,30,30.86,30.43,5,0.13165,10.35254,125.83891,0.681455946
MEC16019,250,subadult,F,L2,L,DV,45.62,94.74,98.91,96.825,1,0.13098,8.87789,109.6178,0.581413016
MEC16019,250,subadult,F,L2,L,DV,45.62,94.74,98.91,96.825,2,0.11512,13.48775,196.97652,0.77635489
MEC16019,250,subadult,F,L2,L,DV,45.62,94.74,98.91,96.825,3,0.13339,5.60024,55.75322,0.373508007
MEC16019,250,subadult,F,L2,L,DV,45.62,94.74,98.91,96.825,4,0.1262,11.53822,168.54053,0.728061682
MEC16019,250,subadult,F,L2,L,DV,45.62,94.74,98.91,96.825,5,0.10431,12.10901,200.78654,0.631545417
MEC16019,250,subadult,F,Ca3,Ca1,DV,35.11,102.85,102.9,102.875,1,0.11896,10.16963,122.09927,0.604889592
MEC16019,250,subadult,F,Ca3,Ca1,DV,35.11,102.85,102.9,102.875,2,0.18788,10.65129,88.63261,1.000582183
MEC16019,250,subadult,F,Ca3,Ca1,DV,35.11,102.85,102.9,102.875,3,0.16809,10.17407,105.2304,0.855079713
MEC16019,250,subadult,F,Ca3,Ca1,DV,35.11,102.85,102.9,102.875,4,0.20571,15.87218,150.4162,1.632533074
MEC16019,250,subadult,F,Ca3,Ca1,DV,35.11,102.85,102.9,102.875,5,0.10445,12.0334,165.85219,0.628444315
MEC16019,250,subadult,F,Ca7,Ca2,DV,18.67,87.4,83.42,85.41,1,0.11947,12.06709,184.15993,0.720827621
MEC16019,250,subadult,F,Ca7,Ca2,DV,18.67,87.4,83.42,85.41,2,0.17193,13.22532,126.63371,1.136914634
MEC16019,250,subadult,F,Ca7,Ca2,DV,18.67,87.4,83.42,85.41,3,0.10931,10.85249,182.07775,0.593142841
MEC16019,250,subadult,F,Ca7,Ca2,DV,18.67,87.4,83.42,85.41,4,0.11201,12.69329,206.87032,0.710887706
MEC16019,250,subadult,F,Ca7,Ca2,DV,18.67,87.4,83.42,85.41,5,0.14214,11.07498,119.24468,0.787098829
MNW16018,245,subadult,M,T9,T,DV,57.94,32.07,33.64,32.855,1,0.09767,3.07477,47.11818,0.150156393
MNW16018,245,subadult,M,T9,T,DV,57.94,32.07,33.64,32.855,2,0.11442,4.98384,87.46697,0.285125486
MNW16018,245,subadult,M,T9,T,DV,57.94,32.07,33.64,32.855,3,0.12955,11.27222,221.64456,0.730158051
MNW16018,245,subadult,M,T9,T,DV,57.94,32.07,33.64,32.855,4,0.15342,4.59737,49.13277,0.352664253
MNW16018,245,subadult,M,T9,T,DV,57.94,32.07,33.64,32.855,5,0.15433,7.63475,77.85841,0.589135484
MNW16018,245,subadult,M,L2,L,DV,45.8,96.87,95.93,96.4,1,0.1997,3.51128,27.24057,0.350601308
MNW16018,245,subadult,M,L2,L,DV,45.8,96.87,95.93,96.4,2,0.22166,3.74089,30.83404,0.414602839
MNW16018,245,subadult,M,L2,L,DV,45.8,96.87,95.93,96.4,3,0.08912,6.48445,70.50316,0.288947092
MNW16018,245,subadult,M,L2,L,DV,45.8,96.87,95.93,96.4,4,0.1094,3.13587,42.71382,0.171532089
MNW16018,245,subadult,M,L2,L,DV,45.8,96.87,95.93,96.4,5,0.14983,3.36705,38.77702,0.252242551
MNW16018,245,subadult,M,Ca3,Ca1,DV,35.46,96.7,94.63,95.665,1,0.15498,5.61703,111.61567,0.435263655
MNW16018,245,subadult,M,Ca3,Ca1,DV,35.46,96.7,94.63,95.665,2,0.12483,5.10372,63.83805,0.318548684
MNW16018,245,subadult,M,Ca3,Ca1,DV,35.46,96.7,94.63,95.665,3,0.11366,6.36748,84.65369,0.361863888
MNW16018,245,subadult,M,Ca3,Ca1,DV,35.46,96.7,94.63,95.665,4,0.12378,6.39092,99.44785,0.395534039
MNW16018,245,subadult,M,Ca3,Ca1,DV,35.46,96.7,94.63,95.665,5,0.12562,6.08301,84.93136,0.382073858
MNW16018,245,subadult,M,Ca7,Ca2,DV,22.58,84.14,89.87,87.005,1,0.12295,7.44809,99.07529,0.457871333
MNW16018,245,subadult,M,Ca7,Ca2,DV,22.58,84.14,89.87,87.005,2,0.09418,6.92179,126.22993,0.325947091
MNW16018,245,subadult,M,Ca7,Ca2,DV,22.58,84.14,89.87,87.005,3,0.09045,7.52444,143.12523,0.340292799
MNW16018,245,subadult,M,Ca7,Ca2,DV,22.58,84.14,89.87,87.005,4,0.11976,6.35127,90.43396,0.380314048
MNW16018,245,subadult,M,Ca7,Ca2,DV,22.58,84.14,89.87,87.005,5,0.13385,6.68104,101.18189,0.447128602
MEC16022,243,subadult,F,T9,T,DV,59.96,56.37,56.39,56.38,1,0.1027,7.48396,140.2107,0.384301346
MEC16022,243,subadult,F,T9,T,DV,59.96,56.37,56.39,56.38,2,0.07581,7.96516,150.55793,0.30191939
MEC16022,243,subadult,F,T9,T,DV,59.96,56.37,56.39,56.38,3,0.11024,9.49641,154.33823,0.523442119
MEC16022,243,subadult,F,T9,T,DV,59.96,56.37,56.39,56.38,4,0.08287,8.29376,159.97353,0.343651946
MEC16022,243,subadult,F,T9,T,DV,59.96,56.37,56.39,56.38,5,0.08903,7.8979,146.43884,0.351575019
MEC16022,243,subadult,F,L2,L,DV,47.77,97.14,95.24,96.19,1,0.11385,10.56373,159.39463,0.60134033
MEC16022,243,subadult,F,L2,L,DV,47.77,97.14,95.24,96.19,2,0.13075,11.47689,157.66154,0.750301684
MEC16022,243,subadult,F,L2,L,DV,47.77,97.14,95.24,96.19,3,0.11696,8.90435,134.91022,0.520726388
MEC16022,243,subadult,F,L2,L,DV,47.77,97.14,95.24,96.19,4,0.12086,7.85426,105.71028,0.474632932
MEC16022,243,subadult,F,L2,L,DV,47.77,97.14,95.24,96.19,5,0.14017,10.50142,154.86953,0.735992021
MEC16022,243,subadult,F,Ca3,Ca1,DV,32.6,90.74,89.59,90.165,1,0.08373,8.97607,192.36333,0.375783171
MEC16022,243,subadult,F,Ca3,Ca1,DV,32.6,90.74,89.59,90.165,2,0.08699,6.25192,124.89003,0.27192726
MEC16022,243,subadult,F,Ca3,Ca1,DV,32.6,90.74,89.59,90.165,3,0.11747,6.18546,104.20293,0.363302993
MEC16022,243,subadult,F,Ca3,Ca1,DV,32.6,90.74,89.59,90.165,4,0.12313,7.41496,124.27147,0.456502012
MEC16022,243,subadult,F,Ca3,Ca1,DV,32.6,90.74,89.59,90.165,5,0.13764,5.61827,74.82775,0.386649341
MEC16022,243,subadult,F,Ca7,Ca2,DV,21.84,74.76,72.68,73.72,1,0.11817,10.06193,155.42633,0.594509134
MEC16022,243,subadult,F,Ca7,Ca2,DV,21.84,74.76,72.68,73.72,2,0.10431,13.76718,229.83679,0.718027273
MEC16022,243,subadult,F,Ca7,Ca2,DV,21.84,74.76,72.68,73.72,3,0.11493,10.92035,163.6887,0.627537913
MEC16022,243,subadult,F,Ca7,Ca2,DV,21.84,74.76,72.68,73.72,4,0.1468,12.27352,158.30814,0.900876368
MEC16022,243,subadult,F,Ca7,Ca2,DV,21.84,74.76,72.68,73.72,5,0.10174,10.80966,174.63838,0.549887404
LPZ103313,256,subadult,M,T9,T,DV,56.7,35.52,30.63,33.075,1,0.12346,8.08115,89.1343,0.49884939
LPZ103313,256,subadult,M,T9,T,DV,56.7,35.52,30.63,33.075,2,0.09338,6.31949,114.59718,0.295056988
LPZ103313,256,subadult,M,T9,T,DV,56.7,35.52,30.63,33.075,3,0.1435,9.18695,138.18939,0.659163663
LPZ103313,256,subadult,M,T9,T,DV,56.7,35.52,30.63,33.075,4,0.08715,6.63144,125.73546,0.288964998
LPZ103313,256,subadult,M,T9,T,DV,56.7,35.52,30.63,33.075,5,0.09942,5.76346,83.99303,0.286501597
LPZ103313,256,subadult,M,L2,L,DV,48.08,120.09,122.35,121.22,1,0.13036,4.71418,79.13927,0.307270252
LPZ103313,256,subadult,M,L2,L,DV,48.08,120.09,122.35,121.22,2,0.12044,3.56746,55.56404,0.214832441
LPZ103313,256,subadult,M,L2,L,DV,48.08,120.09,122.35,121.22,3,0.12794,5.0703,55.23739,0.324347091
LPZ103313,256,subadult,M,L2,L,DV,48.08,120.09,122.35,121.22,4,0.10409,4.666604,73.6704,0.242873405
LPZ103313,256,subadult,M,L2,L,DV,48.08,120.09,122.35,121.22,5,0.12196,6.41851,92.15602,0.39140074
LPZ103313,256,subadult,M,Ca3,Ca1,DV,34.92,110.03,114.87,112.45,1,0.15801,12.78706,129.78351,1.010241675
LPZ103313,256,subadult,M,Ca3,Ca1,DV,34.92,110.03,114.87,112.45,2,0.13235,12.00493,155.69333,0.794426243
LPZ103313,256,subadult,M,Ca3,Ca1,DV,34.92,110.03,114.87,112.45,3,0.09112,9.02485,181.11515,0.411172166
LPZ103313,256,subadult,M,Ca3,Ca1,DV,34.92,110.03,114.87,112.45,4,0.12529,12.96566,159.77002,0.812233771
LPZ103313,256,subadult,M,Ca3,Ca1,DV,34.92,110.03,114.87,112.45,5,0.1152,11.06563,203.88879,0.637380288
LPZ103314,256,subadult,M,Ca7,Ca2,DV,19.01,93.27,95.21,94.24,1,0.07376,5.74716,109.40536,0.211955261
LPZ103315,256,subadult,M,Ca7,Ca2,DV,19.01,93.27,95.21,94.24,2,0.1162,5.67946,67.28645,0.329976626
LPZ103316,256,subadult,M,Ca7,Ca2,DV,19.01,93.27,95.21,94.24,3,0.10147,6.84876,114.02136,0.347471839
LPZ103317,256,subadult,M,Ca7,Ca2,DV,19.01,93.27,95.21,94.24,4,0.12878,5.8604,97.91021,0.377351156
LPZ103318,256,subadult,M,Ca7,Ca2,DV,19.01,93.27,95.21,94.24,5,0.07591,6.9016,173.50756,0.261950228
MNW16021,241,subadult,M,T9,T,DV,67.28,43.07,45.44,44.255,1,0.11413,5.97191,89.63316,0.340787044
MNW16021,241,subadult,M,T9,T,DV,67.28,43.07,45.44,44.255,2,0.20271,11.77103,149.78144,1.193052746
MNW16021,241,subadult,M,T9,T,DV,67.28,43.07,45.44,44.255,3,0.11525,15.40475,201.55195,0.887698719
MNW16021,241,subadult,M,T9,T,DV,67.28,43.07,45.44,44.255,4,0.12899,6.05801,93.72765,0.390711355
MNW16021,241,subadult,M,T9,T,DV,67.28,43.07,45.44,44.255,5,0.12853,4.56515,52.86712,0.293379365
MNW16021,241,subadult,M,L2,L,DV,50.15,114.97,115.53,115.25,1,0.08949,6.1205,127.29206,0.273861773
MNW16021,241,subadult,M,L2,L,DV,50.15,114.97,115.53,115.25,2,0.13983,5.57738,96.23597,0.389942523
MNW16021,241,subadult,M,L2,L,DV,50.15,114.97,115.53,115.25,3,0.08694,9.40843,173.96334,0.408984452
MNW16021,241,subadult,M,L2,L,DV,50.15,114.97,115.53,115.25,4,0.17995,5.33332,79.53229,0.479865467
MNW16021,241,subadult,M,L2,L,DV,50.15,114.97,115.53,115.25,5,0.09381,6.25927,106.04404,0.293591059
MNW16021,241,subadult,M,Ca3,Ca1,DV,39.91,97.98,98.87,98.425,1,0.11814,14.03495,190.14536,0.829044497
MNW16021,241,subadult,M,Ca3,Ca1,DV,39.91,97.98,98.87,98.425,2,0.14366,13.88521,172.53795,0.997374634
MNW16021,241,subadult,M,Ca3,Ca1,DV,39.91,97.98,98.87,98.425,3,0.15478,9.04515,109.77947,0.700004159
MNW16021,241,subadult,M,Ca3,Ca1,DV,39.91,97.98,98.87,98.425,4,0.10918,11.41029,199.00868,0.622887731
MNW16021,241,subadult,M,Ca3,Ca1,DV,39.91,97.98,98.87,98.425,5,0.11198,13.64486,166.86286,0.763975711
MNW16021,241,subadult,M,Ca7,Ca2,DV,17.22,78.9,72.52,75.71,1,0.13221,7.47926,112.58079,0.494416482
MNW16021,241,subadult,M,Ca7,Ca2,DV,17.22,78.9,72.52,75.71,2,0.09134,7.44238,126.61107,0.339893495
MNW16021,241,subadult,M,Ca7,Ca2,DV,17.22,78.9,72.52,75.71,3,0.13621,5.89678,67.74331,0.401600202
MNW16021,241,subadult,M,Ca7,Ca2,DV,17.22,78.9,72.52,75.71,4,0.10339,5.84054,95.13778,0.301926715
MNW16021,241,subadult,M,Ca7,Ca2,DV,17.22,78.9,72.52,75.71,5,0.11656,7.29771,93.72494,0.425310539
MEC15085,292,adult,F,T9,T,DV,60.38,45.7,45.2,45.45,1,0.09888,9.80302,197.79421,0.484661309
MEC15085,292,adult,F,T9,T,DV,60.38,45.7,45.2,45.45,2,0.1043,11.71669,187.40759,0.611025384
MEC15085,292,adult,F,T9,T,DV,60.38,45.7,45.2,45.45,3,0.13589,10.14519,134.11967,0.689314935
MEC15085,292,adult,F,T9,T,DV,60.38,45.7,45.2,45.45,4,0.14643,7.47418,101.61967,0.547222089
MEC15085,292,adult,F,L2,L,DV,45.31,137.19,140.1,138.645,1,0.20852,14.1993,144.37967,1.480419018
MEC15085,292,adult,F,L2,L,DV,45.31,137.19,140.1,138.645,2,0.29251,9.53964,66.19439,1.395220048
MEC15085,292,adult,F,L2,L,DV,45.31,137.19,140.1,138.645,3,0.34776,12.00673,118.67155,2.087730212
MEC15085,292,adult,F,L2,L,DV,45.31,137.19,140.1,138.645,4,0.24009,11.92064,137.72605,1.431013229
MEC15085,292,adult,F,L2,L,DV,45.31,137.19,140.1,138.645,5,0.53799,15.88008,103.40292,4.27166212
MEC15085,292,adult,F,Ca3,Ca1,DV,30.92,120.35,122.41,121.38,1,0.16953,5.72047,69.58404,0.48489564
MEC15085,292,adult,F,Ca3,Ca1,DV,30.92,120.35,122.41,121.38,2,0.16138,4.48732,53.39328,0.362081851
MEC15085,292,adult,F,Ca3,Ca1,DV,30.92,120.35,122.41,121.38,3,0.07556,4.70799,108.29973,0.177867862
MEC15085,292,adult,F,Ca3,Ca1,DV,30.92,120.35,122.41,121.38,4,0.15989,5.83796,75.24237,0.466715712
MEC15085,292,adult,F,Ca3,Ca1,DV,30.92,120.35,122.41,121.38,5,0.1349,6.19733,68.51738,0.418009909
MEC15085,292,adult,F,Ca7,Ca2,DV,25.45,86.22,89.4,87.81,1,0.11962,8.19447,101.08472,0.490111251
MEC15085,292,adult,F,Ca7,Ca2,DV,25.45,86.22,89.4,87.81,2,0.17005,5.99856,64.85681,0.510027564
MEC15085,292,adult,F,Ca7,Ca2,DV,25.45,86.22,89.4,87.81,3,0.11862,3.62621,71.19883,0.215070515
MEC15085,292,adult,F,Ca7,Ca2,DV,25.45,86.22,89.4,87.81,4,0.12175,5.45133,81.05758,0.331849714
MEC15085,292,adult,F,Ca7,Ca2,DV,25.45,86.22,89.4,87.81,5,0.11374,10.4364,160.54776,0.593518068
MNW16016,310,adult,M,T9,T,DV,66.96,63.81,61.79,62.8,1,0.06159,4.93585,145.58129,0.151999501
MNW16016,310,adult,M,T9,T,DV,66.96,63.81,61.79,62.8,2,0.06872,7.51373,222.34519,0.258171763
MNW16016,310,adult,M,T9,T,DV,66.96,63.81,61.79,62.8,3,0.066667,5.50463,150.81317,0.183488584
MNW16016,310,adult,M,T9,T,DV,66.96,63.81,61.79,62.8,4,0.08304,8.07544,175.25323,0.335292269
MNW16016,310,adult,M,T9,T,DV,66.96,63.81,61.79,62.8,5,0.12071,11.28037,207.80997,0.680826731
MNW16016,310,adult,M,L2,L,DV,44.64,151.43,152.51,151.97,1,0.07364,3.54872,77.76652,0.13066387
MNW16016,310,adult,M,L2,L,DV,44.64,151.43,152.51,151.97,2,0.10899,8.46681,121.67383,0.461398811
MNW16016,310,adult,M,L2,L,DV,44.64,151.43,152.51,151.97,3,0.10108,8.12193,160.92323,0.410482342
MNW16016,310,adult,M,L2,L,DV,44.64,151.43,152.51,151.97,4,0.11028,6.88839,105.60476,0.379825825
MNW16016,310,adult,M,L2,L,DV,44.64,151.43,152.51,151.97,5,0.12429,5.06642,55.84615,0.314852671
MNW16016,310,adult,M,Ca3,Ca1,DV,31.53,129.87,122.54,126.205,1,0.10248,9.66717,149.26157,0.495345791
MNW16016,310,adult,M,Ca3,Ca1,DV,31.53,129.87,122.54,126.205,2,0.12829,13.47439,155.65284,0.864314747
MNW16016,310,adult,M,Ca3,Ca1,DV,31.53,129.87,122.54,126.205,3,0.08346,10.38782,196.89343,0.433483729
MNW16016,310,adult,M,Ca3,Ca1,DV,31.53,129.87,122.54,126.205,4,0.12348,11.67866,188.97135,0.721040468
MNW16016,310,adult,M,Ca7,Ca2,DV,19.52,120.53,128.29,124.41,1,0.19305,5.84454,54.07139,0.564144224
MNW16016,310,adult,M,Ca7,Ca2,DV,19.52,120.53,128.29,124.41,2,0.15568,7.9784,98.0408,0.621038656
MNW16016,310,adult,M,Ca7,Ca2,DV,19.52,120.53,128.29,124.41,3,0.15207,7.13375,98.14615,0.542414681
MNW16016,310,adult,M,Ca7,Ca2,DV,19.52,120.53,128.29,124.41,4,0.10796,6.96234,90.70399,0.375827113
MNW16016,310,adult,M,Ca7,Ca2,DV,19.52,120.53,128.29,124.41,5,0.10987,7.493,125.00689,0.411627955
MSE16016,308,adult,M,T9,T,DV,54.69,55.55,57.66,56.605,1,0.0706,13.06053,290.2679,0.461036709
MSE16016,308,adult,M,T9,T,DV,54.69,55.55,57.66,56.605,2,0.09435,16.48372,282.37597,0.777619491
MSE16016,308,adult,M,T9,T,DV,54.69,55.55,57.66,56.605,3,0.1129,15.32627,231.73614,0.865167942
MSE16016,308,adult,M,T9,T,DV,54.69,55.55,57.66,56.605,4,0.1129,14.20145,249.85833,0.801671853
MSE16016,308,adult,M,T9,T,DV,54.69,55.55,57.66,56.605,5,0.11174,14.53109,183.98385,0.811851998
MSE16016,308,adult,M,L2,L,DV,52.23,167.22,164.9,166.06,1,0.14816,5.79281,78.9364,0.429131365
MSE16016,308,adult,M,L2,L,DV,52.23,167.22,164.9,166.06,2,0.14606,6.30496,74.67379,0.460451229
MSE16016,308,adult,M,L2,L,DV,52.23,167.22,164.9,166.06,3,0.11353,7.04854,132.61835,0.400110373
MSE16016,308,adult,M,L2,L,DV,52.23,167.22,164.9,166.06,4,0.12628,5.89986,75.83056,0.37251716
MSE16016,308,adult,M,L2,L,DV,52.23,167.22,164.9,166.06,5,0.13095,6.6926,93.97152,0.438197985
MSE16016,308,adult,M,L2,L,ML,52.23,167.22,164.9,166.06,1,0.12544,5.86959,125.74258,0.368140685
MSE16016,308,adult,M,Ca3,Ca1,DV,35.6,118.46,113.54,116,1,0.11938,7.29975,103.25658,0.435722078
MSE16016,308,adult,M,Ca3,Ca1,DV,35.6,118.46,113.54,116,2,0.16067,8.29733,92.22125,0.666566006
MSE16016,308,adult,M,Ca3,Ca1,DV,35.6,118.46,113.54,116,3,0.09231,6.05354,109.286,0.279401139
MSE16016,308,adult,M,Ca3,Ca1,DV,35.6,118.46,113.54,116,4,0.19593,8.53265,73.47764,0.835901057
MSE16016,308,adult,M,Ca3,Ca1,DV,35.6,118.46,113.54,116,5,0.14628,9.59907,108.87414,0.70207598
MSE16016,308,adult,M,Ca7,Ca2,DV,15.75,82.02,96.49,89.255,1,0.12342,5.24124,63.40946,0.32343692
MSE16016,308,adult,M,Ca7,Ca2,DV,15.75,82.02,96.49,89.255,2,0.09673,6.62739,120.59024,0.320533717
MSE16016,308,adult,M,Ca7,Ca2,DV,15.75,82.02,96.49,89.255,3,0.08284,6.3568,142.89553,0.263298656
MSE16016,308,adult,M,Ca7,Ca2,DV,15.75,82.02,96.49,89.255,4,0.13025,5.32415,66.40893,0.346735269
MSE16016,308,adult,M,Ca7,Ca2,DV,15.75,82.02,96.49,89.255,5,0.10677,5.58045,94.62525,0.297912323
MSW16020,287,adult,M,T9,T,DV,54.22,33.32,35.41,34.365,1,0.09676,10.34158,160.13268,0.50032564
MSW16020,287,adult,M,T9,T,DV,54.22,33.32,35.41,34.365,2,0.12533,11.30001,138.79219,0.708115127
MSW16020,287,adult,M,T9,T,DV,54.22,33.32,35.41,34.365,3,0.13333,10.46939,123.86736,0.697941884
MSW16020,287,adult,M,T9,T,DV,54.22,33.32,35.41,34.365,4,0.15433,9.13721,144.58599,0.70507281
MSW16020,287,adult,M,T9,T,DV,54.22,33.32,35.41,34.365,5,0.12933,8.48893,83.08071,0.548936658
MSW16020,287,adult,M,L2,L,DV,65.37,143.5,140,141.75,1,0.132,6.57676,74.46073,0.43406616
MSW16020,287,adult,M,L2,L,DV,65.37,143.5,140,141.75,2,0.22867,8.21536,103.2638,0.939303186
MSW16020,287,adult,M,L2,L,DV,65.37,143.5,140,141.75,3,0.10712,8.9722,130.61837,0.480551032
MSW16020,287,adult,M,L2,L,DV,65.37,143.5,140,141.75,4,0.20542,6.33908,50.61076,0.651086907
MSW16020,287,adult,M,L2,L,DV,65.37,143.5,140,141.75,5,0.13732,9.83009,154.75772,0.674933979
MSW16020,287,adult,M,Ca3,Ca1,DV,35.73,122.5,115,118.75,1,0.07694,8.32728,183.81268,0.320350462
MSW16020,287,adult,M,Ca3,Ca1,DV,35.73,122.5,115,118.75,2,0.11647,10.48862,160.25921,0.610804786
MSW16020,287,adult,M,Ca3,Ca1,DV,35.73,122.5,115,118.75,3,0.13603,9.82402,107.63059,0.66818072
MSW16020,287,adult,M,Ca3,Ca1,DV,35.73,122.5,115,118.75,4,0.09551,11.17534,230.21636,0.533678362
MSW16020,287,adult,M,Ca3,Ca1,DV,35.73,122.5,115,118.75,5,0.14484,12.59024,187.28983,0.911785181
MSW16020,287,adult,M,Ca7,Ca2,DV,19.31,103,103,103,1,0.1089,6.4359,87.53283,0.350434755
MSW16020,287,adult,M,Ca7,Ca2,DV,19.31,103,103,103,2,0.14004,8.9832,96.43321,0.629003664
MSW16020,287,adult,M,Ca7,Ca2,DV,19.31,103,103,103,3,0.11282,5.74344,67.56553,0.32398745
MSW16020,287,adult,M,Ca7,Ca2,DV,19.31,103,103,103,4,0.09787,7.30098,118.01624,0.357273456
MSW16020,287,adult,M,Ca7,Ca2,DV,19.31,103,103,103,5,0.1427,8.16839,91.06446,0.582814627
MSW15072,308,adult,F,T9,T,DV,38.15,45,42.9,43.95,1,0.07358,12.75422,271.91959,0.469227754
MSW15072,308,adult,F,T9,T,DV,38.15,45,42.9,43.95,2,0.08668,10.21865,222.70865,0.442876291
MSW15072,308,adult,F,T9,T,DV,38.15,45,42.9,43.95,3,0.14024,12.22908,208.76885,0.85750309
MSW15072,308,adult,F,T9,T,DV,38.15,45,42.9,43.95,4,0.08459,9.50727,190.20257,0.402109985
MSW15072,308,adult,F,T9,T,DV,38.15,45,42.9,43.95,5,0.05624,10.43705,191.88418,0.293489846
MSW15072,308,adult,F,L2,L,DV,46.98,170,185,177.5,1,0.12821,16.22391,184.35726,1.040033751
MSW15072,308,adult,F,L2,L,DV,46.98,170,185,177.5,2,0.1256,14.37704,203.73452,0.902878112
MSW15072,308,adult,F,L2,L,DV,46.98,170,185,177.5,3,0.11059,12.4127,192.94672,0.686360247
MSW15072,308,adult,F,L2,L,DV,46.98,170,185,177.5,4,0.11329,12.6629,215.79926,0.717289971
MSW15072,308,adult,F,L2,L,DV,46.98,170,185,177.5,5,0.1058,10.96914,167.59175,0.580267506
MSW15072,308,adult,F,Ca3,Ca1,DV,32.87,151.5,148,149.75,1,0.11844,10.79752,152.11754,0.639429134
MSW15072,308,adult,F,Ca3,Ca1,DV,32.87,151.5,148,149.75,2,0.09159,12.84221,215.71879,0.588109007
MSW15072,308,adult,F,Ca3,Ca1,DV,32.87,151.5,148,149.75,3,0.11163,16.07701,327.80256,0.897338313
MSW15072,308,adult,F,Ca3,Ca1,DV,32.87,151.5,148,149.75,4,0.08485,11.87859,247.24897,0.503949181
MSW15072,308,adult,F,Ca3,Ca1,DV,32.87,151.5,148,149.75,5,0.16623,15.04484,147.60576,1.250451877
MSW15072,308,adult,F,Ca7,Ca2,DV,24.32,122.62,128.84,125.73,1,0.09337,9.29584,163.0627,0.43397629
MSW15072,308,adult,F,Ca7,Ca2,DV,24.32,122.62,128.84,125.73,2,0.19142,12.86052,116.30125,1.230880369
MSW15072,308,adult,F,Ca7,Ca2,DV,24.32,122.62,128.84,125.73,3,0.11658,11.02431,169.2424,0.64260703
MSW15072,308,adult,F,Ca7,Ca2,DV,24.32,122.62,128.84,125.73,4,0.14571,5.94609,77.42703,0.433202387
MSW15072,308,adult,F,Ca7,Ca2,DV,24.32,122.62,128.84,125.73,5,0.11748,10.9982,162.18979,0.646034268
MNW16017,98,perinatal,M,T10,T,ML,22.22,10.96,10.21,10.585,1,0.13662,4.88484,72.77064,0.33368342
MNW16017,98,perinatal,M,Ca4,Ca1,ML,10.86,27.32,27.24,27.28,1,0.14101,5.55827,66.53401,0.391885826
MNW16017,98,perinatal,M,Ca8,Ca2,ML,7.26,38.42,38.18,38.3,1,0.21396,5.02576,36.28123,0.537655805
MNW16030,,perinatal,M,T10,T,ML,,15.05,16.69,15.87,1,0.10343,6.39273,99.59693,0.330600032
MNW16030,,perinatal,M,L2,L,ML,23.81,29,34.92,31.96,1,0.19358,3.75155,27.44104,0.363112525
MNW16030,,perinatal,M,Ca4,Ca1,ML,14.5,28.65 D,35.91,35.91,1,0.07453,5.76457,159.04881,0.214816701
MNW16030,,perinatal,M,Ca8,Ca2,ML,6.76,27.61,25.64,26.265,1,0.27301,5.86076,48.13561,0.800023044
MSW16058,119,perinatal,M,T10,T,ML,28.52,11.53,12.96,12.245,1,0.26683,4.13953,33.83253,0.552275395
MSW16058,119,perinatal,M,Ca4,Ca1,ML,15.04,30.63,25.64 D,28.135,1,0.13877,6.34736,75.68642,0.440411574
MSW16058,119,perinatal,M,Ca8,Ca2,ML,6.48,33.95,33.11,33.53,1,0.1531,9.61187,123.75098,0.735788649
MEC16038,113,perinatal,F,T10,T,ML,31.71,18.73,17.04,17.885,1,0.17499,5.07619,61.0041,0.444141244
MEC16038,113,perinatal,F,Ca4,Ca1,ML,19.91,39.93,42.02,40.975,1,0.12786,4.54529,58.34086,0.29058039
MEC16038,113,perinatal,F,Ca8,Ca2,ML,16.97,38.58,32.02,35.3,1,0.1672,5.68805,60.43421,0.47552098
MEC16048,130,perinatal,F,T10,T,ML,25.53,14.26,15.89,15.075,1,0.06381,2.72549,62.76333,0.086956758
MEC16048,130,perinatal,F,Ca4,Ca1,ML,15.35,36.52,30.34,33.43,1,0.12237,4.14073,62.0875,0.253350565
MEC16048,130,perinatal,F,Ca8,Ca2,ML,16.02,32.69,31.14,31.915,1,0.12782,4.98888,91.29348,0.318839321
MSW16028,192,calf,F,T10,T,ML,54.01,23.18,20.7,21.94,1,0.16547,4.5907,42.54474,0.379811565
MSW16028,192,calf,F,T10,T,ML,54.01,23.18,20.7,21.94,3,0.13283,6.1606,87.67526,0.409156249
MSW16028,192,calf,F,T10,T,ML,54.01,23.18,20.7,21.94,4,0.25595,3.88504,35.01817,0.497187994
MSW16028,192,calf,F,T10,T,ML,54.01,23.18,20.7,21.94,5,0.09389,3.31773,49.14273,0.155750835
MSW16028,192,calf,F,T10,T,ML,54.01,23.18,20.7,21.94,1,0.16547,4.5907,42.544,0.379811565
MSW16028,192,calf,F,T10,T,ML,54.01,23.18,20.7,21.94,2,0.13283,6.1606,87.675,0.409156249
MSW16028,192,calf,F,T10,T,ML,54.01,23.18,20.7,21.94,3,0.25595,3.88054,35.018,0.496612107
MSW16028,192,calf,F,T10,T,ML,54.01,23.18,20.7,21.94,5,0.09389,3.31773,49.142,0.155750835
MSW16028,192,calf,F,L2,L,ML,35.72,89.5,83,86.25,1,0.08023,7.02821,133.59168,0.281936644
MSW16028,192,calf,F,L2,L,ML,35.72,89.5,83,86.25,2,0.07156,3.50305,78.13655,0.125339129
MSW16028,192,calf,F,L2,L,ML,35.72,89.5,83,86.25,3,0.09865,5.2989,137.42349,0.261368243
MSW16028,192,calf,F,L2,L,ML,35.72,89.5,83,86.25,4,0.12353,5.10096,71.4308,0.315060794
MSW16028,192,calf,F,Ca4,Ca1,ML,32.25,76.5,63.28,69.89,1,0.0795,4.40644,86.54796,0.17515599
MSW16028,192,calf,F,Ca4,Ca1,ML,32.25,76.5,63.28,69.89,2,0.06225,6.51528,158.41791,0.20278809
MSW16028,192,calf,F,Ca4,Ca1,ML,32.25,76.5,63.28,69.89,3,0.10287,5.78919,129.27623,0.297766988
MSW16028,192,calf,F,Ca4,Ca1,ML,32.25,76.5,63.28,69.89,4,0.10088,5.29144,89.71129,0.266900234
MSW16028,192,calf,F,Ca4,Ca1,ML,32.25,76.5,63.28,69.89,5,0.08304,6.03322,112.10908,0.250499294
MSW16028,192,calf,F,Ca8,Ca2,ML,9.89,44.66,41.77,43.215,1,0.10951,6.60017,88.953,0.361392308
MSW16028,192,calf,F,Ca8,Ca2,ML,9.89,44.66,41.77,43.215,2,0.12256,5.98224,89.78,0.366591667
MSW16028,192,calf,F,Ca8,Ca2,ML,9.89,44.66,41.77,43.215,3,0.12921,6.76229,86.785,0.436877745
MSW16028,192,calf,F,Ca8,Ca2,ML,9.89,44.66,41.77,43.215,4,0.11044,6.58479,94.616,0.363612104
MSW16028,192,calf,F,Ca8,Ca2,ML,9.89,44.66,41.77,43.215,5,0.11136,7.13317,111.93,0.397174906
SWFTM1603b,219,calf,M,T10,T,ML,51.27,46.32,47.45,46.885,1,0.10837,6.11678,84.98469,0.331437724
SWFTM1603b,219,calf,M,T10,T,ML,51.27,46.32,47.45,46.885,2,0.09915,6.12886,93.91478,0.303838235
SWFTM1603b,219,calf,M,T10,T,ML,51.27,46.32,47.45,46.885,3,0.08081,7.37995,146.57195,0.29818688
SWFTM1603b,219,calf,M,T10,T,ML,51.27,46.32,47.45,46.885,4,0.08576,6.12414,99.11884,0.262603123
SWFTM1603b,219,calf,M,T10,T,ML,51.27,46.32,47.45,46.885,5,0.16014,6.99294,83.45373,0.559924706
SWFTM1603b,219,calf,M,L2,L,ML,42.09,96.16,111.39,103.775,1,0.08585,8.89194,177.56507,0.381686525
SWFTM1603b,219,calf,M,L2,L,ML,42.09,96.16,111.39,103.775,2,0.10642,8.36417,130.35388,0.445057486
SWFTM1603b,219,calf,M,L2,L,ML,42.09,96.16,111.39,103.775,3,0.07568,4.24545,91.84453,0.160647828
SWFTM1603b,219,calf,M,L2,L,ML,42.09,96.16,111.39,103.775,4,0.09092,9.0375,158.9004,0.41084475
SWFTM1603b,219,calf,M,L2,L,ML,42.09,96.16,111.39,103.775,5,0.08845,10.92059,207.33522,0.482963093
SWFTM1603b,219,calf,M,Ca4,Ca1,ML,29.74,83.67,87.6,85.635,1,0.07713,10.22968,227.36635,0.394507609
SWFTM1603b,219,calf,M,Ca4,Ca1,ML,29.74,83.67,87.6,85.635,2,0.09961,15.46768,289.02017,0.770367802
SWFTM1603b,219,calf,M,Ca4,Ca1,ML,29.74,83.67,87.6,85.635,3,0.10306,11.56533,169.67621,0.595961455
SWFTM1603b,219,calf,M,Ca4,Ca1,ML,29.74,83.67,87.6,85.635,4,0.15686,14.35965,171.28715,1.12622735
SWFTM1603b,219,calf,M,Ca4,Ca1,ML,29.74,83.67,87.6,85.635,5,0.13724,11.51557,147.08296,0.790198413
SWFTM1603b,219,calf,M,Ca8,Ca2,ML,13.7,71.83,76.71,74.27,1,0.12024,18.06214,269.47631,1.085895857
SWFTM1603b,219,calf,M,Ca8,Ca2,ML,13.7,71.83,76.71,74.27,2,0.10764,14.30153,210.22701,0.769708345
SWFTM1603b,219,calf,M,Ca8,Ca2,ML,13.7,71.83,76.71,74.27,3,0.10211,,257.922701,
SWFTM1603b,219,calf,M,Ca8,Ca2,ML,13.7,71.83,76.71,74.27,4,0.10223,13.61277,258.23593,0.695816739
MNW16019,206,calf,M,T10,T,ML,29.46,47.5,46.91,47.205,1,,,48.61837,
MNW16019,206,calf,M,T10,T,ML,29.46,47.5,46.91,47.205,2,0.11068,5.81956,69.71252,0.32205445
MNW16019,206,calf,M,T10,T,ML,29.46,47.5,46.91,47.205,3,0.10682,4.46603,67.79465,0.238530662
MNW16019,206,calf,M,T10,T,ML,29.46,47.5,46.91,47.205,4,0.15052,4.90454,56.40088,0.36911568
MNW16019,206,calf,M,T10,T,ML,29.46,47.5,46.91,47.205,5,0.09234,4.26554,71.24659,0.196939982
MNW16019,206,calf,M,L2,L,ML,35.91,80.17,84.96,82.565,1,0.06511,4.74356,114.2731,0.154426596
MNW16019,206,calf,M,L2,L,ML,35.91,80.17,84.96,82.565,2,0.09733,4.25325,65.91156,0.206984411
MNW16019,206,calf,M,L2,L,ML,35.91,80.17,84.96,82.565,3,0.08093,4.67637,88.51069,0.189229312
MNW16019,206,calf,M,L2,L,ML,35.91,80.17,84.96,82.565,4,0.13621,5.40096,58.23568,0.367832381
MNW16019,206,calf,M,L2,L,ML,35.91,80.17,84.96,82.565,5,0.09904,5.45372,92.80645,0.270068214
MNW16019,206,calf,M,Ca4,Ca1,ML,10.38,73.55,76.38,74.965,1,0.11018,15.87498,224.96157,0.874552648
MNW16019,206,calf,M,Ca4,Ca1,ML,10.38,73.55,76.38,74.965,2,0.09157,16.29378,268.73357,0.746010717
MNW16019,206,calf,M,Ca4,Ca1,ML,10.38,73.55,76.38,74.965,3,0.13575,12.74349,154.41601,0.864964384
MNW16019,206,calf,M,Ca4,Ca1,ML,10.38,73.55,76.38,74.965,4,0.13341,11.6812,156.22687,0.779194446
MNW16019,206,calf,M,Ca4,Ca1,ML,10.38,73.55,76.38,74.965,5,0.11643,14.15418,178.53151,0.823985589
MNW16019,206,calf,M,Ca8,Ca2,ML,7.6,69.59,72.29,70.94,1,0.15019,10.05974,99.3312,0.755436175
MNW16019,206,calf,M,Ca8,Ca2,ML,7.6,69.59,72.29,70.94,2,0.10043,8.2836,135.18958,0.415960974
MNW16019,206,calf,M,Ca8,Ca2,ML,7.6,69.59,72.29,70.94,3,0.15145,11.41744,150.77272,0.864585644
MNW16019,206,calf,M,Ca8,Ca2,ML,7.6,69.59,72.29,70.94,4,0.09141,9.10403,149.4429,0.416099691
MNW16019,206,calf,M,Ca8,Ca2,ML,7.6,69.59,72.29,70.94,5,0.11618,7.34777,129.84945,0.426831959
MNW16014,209,calf,F,T10,T,ML,53.36,36.05,36.03,36.04,1,0.15855,3.96228,41.33988,0.314109747
MNW16014,209,calf,F,T10,T,ML,53.36,36.05,36.03,36.04,2,0.06249,3.17333,68.96318,0.099150696
MNW16014,209,calf,F,T10,T,ML,53.36,36.05,36.03,36.04,3,0.05807,3.8435,105.49005,0.111596023
MNW16014,209,calf,F,T10,T,ML,53.36,36.05,36.03,36.04,4,0.0895,6.07231,99.42929,0.271735873
MNW16014,209,calf,F,L2,L,ML,51.74,84.77,83.95,84.36,1,0.08833,12.74259,192.8344,0.562776487
MNW16014,209,calf,F,L2,L,ML,51.74,84.77,83.95,84.36,2,0.10666,11.88898,199.8002,0.634039303
MNW16014,209,calf,F,L2,L,ML,51.74,84.77,83.95,84.36,3,0.09413,9.39421,180.38703,0.442138494
MNW16014,209,calf,F,L2,L,ML,51.74,84.77,83.95,84.36,4,0.1273,11.60752,148.67364,0.738818648
MNW16014,209,calf,F,Ca4,Ca1,ML,44.2,95.3,90.3,92.8,1,0.10303,21.82046,395.53578,1.124080997
MNW16014,209,calf,F,Ca4,Ca1,ML,44.2,95.3,90.3,92.8,2,0.11152,20.94054,320.12767,1.16764451
MNW16014,209,calf,F,Ca4,Ca1,ML,44.2,95.3,90.3,92.8,3,0.11086,15.57215,277.22874,0.863164275
MNW16014,209,calf,F,Ca4,Ca1,ML,44.2,95.3,90.3,92.8,4,0.11719,21.82046,361.71652,1.278569854
MNW16014,209,calf,F,Ca4,Ca1,ML,44.2,95.3,90.3,92.8,5,0.1107,20.94054,368.47514,1.159058889
MNW16014,209,calf,F,Ca8,Ca2,ML,19.19,57.76,47.55,52.655,1,0.15366,14.10437,120.414,1.083638747
MNW16014,209,calf,F,Ca8,Ca2,ML,19.19,57.76,47.55,52.655,2,0.11104,8.26611,120.53037,0.458934427
MNW16014,209,calf,F,Ca8,Ca2,ML,19.19,57.76,47.55,52.655,3,0.12327,11.38302,144.1166,0.701592438
MNW16014,209,calf,F,Ca8,Ca2,ML,19.19,57.76,47.55,52.655,4,0.13788,11.10822,114.92541,0.765800687
MNW16014,209,calf,F,Ca8,Ca2,ML,19.19,57.76,47.55,52.655,5,0.16386,9.19769,112.45564,0.753566742
MSW16023,185,calf,F,T10,T,ML,25.96,23.82,19.81,21.815,1,0.0538,2.07709,56.60574,0.055873721
MSW16023,185,calf,F,T10,T,ML,25.96,23.82,19.81,21.815,2,0.14996,2.90433,24.39306,0.217766663
MSW16023,185,calf,F,T10,T,ML,25.96,23.82,19.81,21.815,3,0.11936,2.66972,32.67342,0.15932889
MSW16023,185,calf,F,T10,T,ML,25.96,23.82,19.81,21.815,4,0.11893,3.07693,39.98346,0.182969642
MSW16023,185,calf,F,T10,T,ML,25.96,23.82,19.81,21.815,5,0.10855,4.25087,68.24279,0.230715969
MSW16023,185,calf,F,L2,L,ML,17.11,80.41,67.75,74.08,1,0.11018,18.26777,256.49624,1.006371449
MSW16023,185,calf,F,L2,L,ML,17.11,80.41,67.75,74.08,2,0.12031,10.66197,156.76009,0.641370805
MSW16023,185,calf,F,L2,L,ML,17.11,80.41,67.75,74.08,3,0.08404,13.20783,238.11311,0.554993017
MSW16023,185,calf,F,L2,L,ML,17.11,80.41,67.75,74.08,4,0.09391,10.53915,157.2604,0.494865788
MSW16023,185,calf,F,L2,L,ML,17.11,80.41,67.75,74.08,5,0.09147,4.6422,67.89243,0.212311017
MSW16023,185,calf,F,Ca4,Ca1,ML,22.38,59.41,64.39,61.9,1,0.09253,14.57016,244.51295,0.674088452
MSW16023,185,calf,F,Ca4,Ca1,ML,22.38,59.41,64.39,61.9,2,0.15359,12.43679,165.63083,0.955083288
MSW16023,185,calf,F,Ca4,Ca1,ML,22.38,59.41,64.39,61.9,3,0.18207,13.47289,151.75238,1.226504541
MSW16023,185,calf,F,Ca4,Ca1,ML,22.38,59.41,64.39,61.9,4,0.12353,9.73298,128.11398,0.60115751
MSW16023,185,calf,F,Ca4,Ca1,ML,22.38,59.41,64.39,61.9,5,0.1883,11.41309,137.91175,1.074542424
MSW16023,185,calf,F,Ca8,Ca2,ML,10.72,40.28,45.12,42.7,1,0.10674,10.50308,175.34641,0.56054938
MSW16023,185,calf,F,Ca8,Ca2,ML,10.72,40.28,45.12,42.7,2,0.16196,15.75132,171.72713,1.275541894
MSW16023,185,calf,F,Ca8,Ca2,ML,10.72,40.28,45.12,42.7,3,0.13146,8.79982,110.43361,0.578412169
MSW16023,185,calf,F,Ca8,Ca2,ML,10.72,40.28,45.12,42.7,4,0.13059,9.56615,127.13889,0.624621764
MSW16023,185,calf,F,Ca8,Ca2,ML,10.72,40.28,45.12,42.7,5,0.15179,12.23894,164.5808,0.928874351
MEC16019,250,subadult,F,T10,T,ML,62.37,26.3,27.39,26.845,1,0.10105,7.36786,101.70025,0.372261127
MEC16019,250,subadult,F,T10,T,ML,62.37,26.3,27.39,26.845,2,0.14482,18.87192,216.19981,1.366515727
MEC16019,250,subadult,F,T10,T,ML,62.37,26.3,27.39,26.845,3,0.16571,16.85501,164.19205,1.396521854
MEC16019,250,subadult,F,T10,T,ML,62.37,26.3,27.39,26.845,4,0.13278,9.53752,123.72256,0.633195953
MEC16019,250,subadult,F,T10,T,ML,62.37,26.3,27.39,26.845,5,0.17456,14.97763,146.70314,1.307247546
MEC16019,250,subadult,F,L2,L,ML,45.62,94.74,98.91,96.825,1,0.10943,13.58301,202.82304,0.743194392
MEC16019,250,subadult,F,L2,L,ML,45.62,94.74,98.91,96.825,2,0.12033,10.17464,148.20147,0.612157216
MEC16019,250,subadult,F,L2,L,ML,45.62,94.74,98.91,96.825,3,0.10929,14.73912,205.12984,0.805419212
MEC16019,250,subadult,F,L2,L,ML,45.62,94.74,98.91,96.825,4,0.10977,15.47286,220.05842,0.849227921
MEC16019,250,subadult,F,L2,L,ML,45.62,94.74,98.91,96.825,5,0.10257,12.04397,212.67257,0.617675001
MEC16019,250,subadult,F,Ca4,Ca1,ML,29.98,93.97,94.99,94.48,1,0.12167,17.86926,218.19759,1.087076432
MEC16019,250,subadult,F,Ca4,Ca1,ML,29.98,93.97,94.99,94.48,2,0.16406,22.74227,253.81598,1.865548408
MEC16019,250,subadult,F,Ca4,Ca1,ML,29.98,93.97,94.99,94.48,3,0.09692,19.84986,321.28912,0.961924216
MEC16019,250,subadult,F,Ca4,Ca1,ML,29.98,93.97,94.99,94.48,4,0.09002,20.21623,404.3449,0.909932512
MEC16019,250,subadult,F,Ca4,Ca1,ML,29.98,93.97,94.99,94.48,5,0.09724,16.09966,280.56228,0.782765469
MEC16019,250,subadult,F,Ca8,Ca2,ML,19.1,80.54,76.5,78.52,1,0.12455,11.97294,130.98824,0.745614839
MEC16019,250,subadult,F,Ca8,Ca2,ML,19.1,80.54,76.5,78.52,2,0.18678,12.01328,98.05652,1.121920219
MEC16019,250,subadult,F,Ca8,Ca2,ML,19.1,80.54,76.5,78.52,3,0.15456,15.74234,196.82558,1.216568035
MEC16019,250,subadult,F,Ca8,Ca2,ML,19.1,80.54,76.5,78.52,4,0.12983,13.36536,171.0083,0.867612344
MEC16019,250,subadult,F,Ca8,Ca2,ML,19.1,80.54,76.5,78.52,5,0.17421,16.9439,143.73816,1.47589841
MNW16018,245,subadult,M,T10,T,ML,59.89,34.04,31.09,32.565,1,0.10037,8.73406,216.24734,0.438318801
MNW16018,245,subadult,M,T10,T,ML,59.89,34.04,31.09,32.565,2,0.07582,7.12763,143.99291,0.270208453
MNW16018,245,subadult,M,T10,T,ML,59.89,34.04,31.09,32.565,3,0.10132,11.11505,208.20164,0.563088433
MNW16018,245,subadult,M,T10,T,ML,59.89,34.04,31.09,32.565,4,0.1594,7.80599,100.75191,0.622137403
MNW16018,245,subadult,M,T10,T,ML,59.89,34.04,31.09,32.565,5,0.07889,7.53012,163.75286,0.297025583
MNW16018,245,subadult,M,L2,L,ML,45.8,96.87,95.93,96.4,1,0.07566,7.27702,138.48709,0.275289667
MNW16018,245,subadult,M,L2,L,ML,45.8,96.87,95.93,96.4,2,0.08331,3.02483,55.34132,0.125999294
MNW16018,245,subadult,M,L2,L,ML,45.8,96.87,95.93,96.4,3,0.09965,7.04241,97.14078,0.350888078
MNW16018,245,subadult,M,L2,L,ML,45.8,96.87,95.93,96.4,4,0.10375,8.03226,136.2366,0.416673488
MNW16018,245,subadult,M,L2,L,ML,45.8,96.87,95.93,96.4,5,0.09264,5.87579,107.51902,0.272166593
MNW16018,245,subadult,M,Ca4,Ca1,ML,35.3,94.71,98.4,96.555,1,0.12353,7.2642,105.09271,0.448673313
MNW16018,245,subadult,M,Ca4,Ca1,ML,35.3,94.71,98.4,96.555,2,0.12931,8.66163,105.03149,0.560017688
MNW16018,245,subadult,M,Ca4,Ca1,ML,35.3,94.71,98.4,96.555,3,0.1334,6.58836,90.76834,0.439443612
MNW16018,245,subadult,M,Ca4,Ca1,ML,35.3,94.71,98.4,96.555,4,0.18187,9.38244,94.77681,0.853192181
MNW16018,245,subadult,M,Ca4,Ca1,ML,35.3,94.71,98.4,96.555,5,0.1336,11.17611,144.74853,0.746564148
MNW16018,245,subadult,M,Ca8,Ca2,ML,19.93,83.78,94.82,89.3,1,0.09484,7.68863,135.68004,0.364594835
MNW16018,245,subadult,M,Ca8,Ca2,ML,19.93,83.78,94.82,89.3,2,0.111,7.9662,124.91643,0.4421241
MNW16018,245,subadult,M,Ca8,Ca2,ML,19.93,83.78,94.82,89.3,3,0.12774,5.48323,68.55156,0.3502139
MNW16018,245,subadult,M,Ca8,Ca2,ML,19.93,83.78,94.82,89.3,4,0.1148,7.61843,137.67216,0.437297882
MNW16018,245,subadult,M,Ca8,Ca2,ML,19.93,83.78,94.82,89.3,5,0.16106,7.29623,72.47712,0.587565402
MEC16022,243,subadult,F,T10,T,ML,32.29,54.59,51.41,53,1,0.07578,6.61067,145.11338,0.250478286
MEC16022,243,subadult,F,T10,T,ML,32.29,54.59,51.41,53,2,0.08432,7.60832,137.61597,0.320766771
MEC16022,243,subadult,F,T10,T,ML,32.29,54.59,51.41,53,3,0.11263,8.20184,106.80752,0.46188662
MEC16022,243,subadult,F,T10,T,ML,32.29,54.59,51.41,53,4,0.08458,14.28305,279.84036,0.604030185
MEC16022,243,subadult,F,T10,T,ML,32.29,54.59,51.41,53,5,0.0719,7.00363,173.15898,0.251780499
MEC16022,243,subadult,F,L2,L,ML,47.77,97.14,95.24,96.19,1,0.1293,16.83295,202.61437,1.088250218
MEC16022,243,subadult,F,L2,L,ML,47.77,97.14,95.24,96.19,2,0.15944,17.72243,235.61176,1.41283212
MEC16022,243,subadult,F,L2,L,ML,47.77,97.14,95.24,96.19,3,0.12606,16.09638,215.8367,1.014554831
MEC16022,243,subadult,F,L2,L,ML,47.77,97.14,95.24,96.19,4,0.15686,18.70708,233.60682,1.467196284
MEC16022,243,subadult,F,Ca4,Ca1,ML,17.2,98.7,99.61,99.155,1,0.13753,18.58574,311.81925,1.278048411
MEC16022,243,subadult,F,Ca4,Ca1,ML,17.2,98.7,99.61,99.155,2,0.12959,21.38663,270.86478,1.385746691
MEC16022,243,subadult,F,Ca4,Ca1,ML,17.2,98.7,99.61,99.155,3,0.11388,21.49272,291.57833,1.223795477
MEC16022,243,subadult,F,Ca4,Ca1,ML,17.2,98.7,99.61,99.155,4,0.1449,19.26953,265.55904,1.396077449
MEC16022,243,subadult,F,Ca4,Ca1,ML,17.2,98.7,99.61,99.155,5,0.12875,15.48024,181.96321,0.99654045
MEC16022,243,subadult,F,Ca8,Ca2,ML,8.62,64.88,73.93,69.405,1,0.10634,13.28944,184.51728,0.706599525
MEC16022,243,subadult,F,Ca8,Ca2,ML,8.62,64.88,73.93,69.405,2,0.11176,13.4131,222.16219,0.749524028
MEC16022,243,subadult,F,Ca8,Ca2,ML,8.62,64.88,73.93,69.405,3,0.10084,9.25712,171.89563,0.46674399
MEC16022,243,subadult,F,Ca8,Ca2,ML,8.62,64.88,73.93,69.405,4,0.10763,9.70262,160.75562,0.522146495
MEC16022,243,subadult,F,Ca8,Ca2,ML,8.62,64.88,73.93,69.405,5,0.12857,14.3081,220.41266,0.919796209
LPZ103313,256,subadult,M,T10,T,ML,60.42,33.88,35.79,34.835,1,0.13149,8.0318,136.45992,0.528050691
LPZ103313,256,subadult,M,T10,T,ML,60.42,33.88,35.79,34.835,2,0.07599,8.76615,175.37963,0.333069869
LPZ103313,256,subadult,M,T10,T,ML,60.42,33.88,35.79,34.835,3,0.12302,9.59176,137.99882,0.589989158
LPZ103313,256,subadult,M,T10,T,ML,60.42,33.88,35.79,34.835,4,0.12212,9.23369,120.53314,0.563809111
LPZ103313,256,subadult,M,T10,T,ML,60.42,33.88,35.79,34.835,5,0.10716,8.00321,174.93067,0.428811992
LPZ103313,256,subadult,M,L2,L,ML,48.08,120.09,122.35,121.22,1,0.24162,8.10657,75.29454,0.979354722
LPZ103313,256,subadult,M,L2,L,ML,48.08,120.09,122.35,121.22,2,0.10054,5.53713,75.86381,0.278351525
LPZ103313,256,subadult,M,L2,L,ML,48.08,120.09,122.35,121.22,3,0.1143,7.11664,148.96373,0.406715976
LPZ103313,256,subadult,M,L2,L,ML,48.08,120.09,122.35,121.22,4,0.14789,7.54348,87.74987,0.557802629
LPZ103313,256,subadult,M,L2,L,ML,48.08,120.09,122.35,121.22,5,0.1131,6.49542,86.26879,0.367316001
LPZ103313,256,subadult,M,Ca4,Ca1,ML,28.64,114.33,111.07,112.7,1,0.0801,13.16139,255.60377,0.52711367
LPZ103313,256,subadult,M,Ca4,Ca1,ML,28.64,114.33,111.07,112.7,2,0.17391,14.92663,195.14945,1.297945112
LPZ103313,256,subadult,M,Ca4,Ca1,ML,28.64,114.33,111.07,112.7,3,0.11536,13.12996,207.11594,0.757336093
LPZ103313,256,subadult,M,Ca4,Ca1,ML,28.64,114.33,111.07,112.7,4,0.12451,15.14717,195.66008,0.942987068
LPZ103313,256,subadult,M,Ca4,Ca1,ML,28.64,114.33,111.07,112.7,5,0.12914,16.12385,207.96705,1.041116995
LPZ103319,256,subadult,M,Ca8,Ca2,ML,18.31,91.1,92,91.55,1,0.12948,9.46617,127.67553,0.612839846
LPZ103320,256,subadult,M,Ca8,Ca2,ML,18.31,91.1,92,91.55,2,0.11544,10.45507,138.50306,0.60346664
LPZ103321,256,subadult,M,Ca8,Ca2,ML,18.31,91.1,92,91.55,3,0.10953,9.84667,156.25672,0.539252883
LPZ103322,256,subadult,M,Ca8,Ca2,ML,18.31,91.1,92,91.55,4,0.11568,10.31569,151.77898,0.59665951
LPZ103323,256,subadult,M,Ca8,Ca2,ML,18.31,91.1,92,91.55,5,0.11322,9.23559,123.56961,0.52282675
MNW16021,241,subadult,M,T10,T,ML,67.74,46.24,44.19,45.215,1,0.09422,8.52156,140.56971,0.401450692
MNW16021,241,subadult,M,T10,T,ML,67.74,46.24,44.19,45.215,2,0.12056,10.19982,153.4207,0.61484515
MNW16021,241,subadult,M,T10,T,ML,67.74,46.24,44.19,45.215,3,0.12381,13.77631,152.78265,0.852822471
MNW16021,241,subadult,M,T10,T,ML,67.74,46.24,44.19,45.215,4,0.05903,5.63345,165.06226,0.166271277
MNW16021,241,subadult,M,T10,T,ML,67.74,46.24,44.19,45.215,5,0.09195,5.28612,83.10855,0.243029367
MNW16021,241,subadult,M,L2,L,ML,50.15,114.97,115.53,115.25,1,0.12873,6.59215,93.3059,0.424303735
MNW16021,241,subadult,M,L2,L,ML,50.15,114.97,115.53,115.25,2,0.07861,6.34639,145.34454,0.249444859
MNW16021,241,subadult,M,L2,L,ML,50.15,114.97,115.53,115.25,3,0.09481,8.15921,172.67658,0.38678735
MNW16021,241,subadult,M,L2,L,ML,50.15,114.97,115.53,115.25,4,0.12824,6.70134,88.52069,0.429689921
MNW16021,241,subadult,M,L2,L,ML,50.15,114.97,115.53,115.25,5,0.09499,6.933,112.53448,0.329282835
MNW16021,241,subadult,M,Ca4,Ca1,ML,31.06,86.62,89.57,88.095,1,0.1104,16.19841,269.05846,0.894152232
MNW16021,241,subadult,M,Ca4,Ca1,ML,31.06,86.62,89.57,88.095,2,0.08939,17.02818,295.13154,0.761074505
MNW16021,241,subadult,M,Ca4,Ca1,ML,31.06,86.62,89.57,88.095,3,0.13268,11.72174,156.14212,0.777620232
MNW16021,241,subadult,M,Ca4,Ca1,ML,31.06,86.62,89.57,88.095,4,0.12128,16.48444,232.31667,0.999616442
MNW16021,241,subadult,M,Ca4,Ca1,ML,31.06,86.62,89.57,88.095,5,0.10719,12.95247,198.27721,0.69418763
MNW16021,241,subadult,M,Ca8,Ca2,ML,13.27,71.2,71.32,71.26,1,0.12831,11.61482,158.37104,0.745148777
MNW16021,241,subadult,M,Ca8,Ca2,ML,13.27,71.2,71.32,71.26,2,0.13248,10.51924,119.91045,0.696794458
MNW16021,241,subadult,M,Ca8,Ca2,ML,13.27,71.2,71.32,71.26,3,0.10361,7.66901,131.8529,0.397293063
MNW16021,241,subadult,M,Ca8,Ca2,ML,13.27,71.2,71.32,71.26,4,0.10557,11.28299,174.97366,0.595572627
MNW16021,241,subadult,M,Ca8,Ca2,ML,13.27,71.2,71.32,71.26,5,0.09059,6.62838,106.94985,0.300232472
MEC15085,292,adult,F,T10,T,ML,62.92,46.35,49.25,47.8,1,0.08814,13.96757,292.40032,0.61555081
MEC15085,292,adult,F,T10,T,ML,62.92,46.35,49.25,47.8,2,0.097,17.25797,282.31797,0.837011545
MEC15085,292,adult,F,T10,T,ML,62.92,46.35,49.25,47.8,3,0.08519,15.75088,272.57304,0.670908734
MEC15085,292,adult,F,T10,T,ML,62.92,46.35,49.25,47.8,4,0.1251,13.57672,189.54141,0.849223836
MEC15085,292,adult,F,T10,T,ML,62.92,46.35,49.25,47.8,5,0.0809,13.88321,291.24888,0.561575845
MEC15085,292,adult,F,L2,L,ML,45.31,137.19,140.1,138.645,1,0.14454,15.85815,156.28071,1.146068501
MEC15085,292,adult,F,L2,L,ML,45.31,137.19,140.1,138.645,2,0.12135,11.94384,199.88239,0.724692492
MEC15085,292,adult,F,L2,L,ML,45.31,137.19,140.1,138.645,3,0.1825,9.81248,86.28723,0.8953888
MEC15085,292,adult,F,L2,L,ML,45.31,137.19,140.1,138.645,4,0.31286,10.38929,90.22502,1.625196635
MEC15085,292,adult,F,L2,L,ML,45.31,137.19,140.1,138.645,5,0.15335,9.30023,102.27776,0.713095135
MEC15085,292,adult,F,Ca4,Ca1,ML,25.14,109.98,108.96,109.47,1,0.14641,5.87342,63.78227,0.429963711
MEC15085,292,adult,F,Ca4,Ca1,ML,25.14,109.98,108.96,109.47,2,0.10381,10.23887,162.25427,0.531448547
MEC15085,292,adult,F,Ca4,Ca1,ML,25.14,109.98,108.96,109.47,3,0.13657,12.95017,187.30165,0.884302358
MEC15085,292,adult,F,Ca4,Ca1,ML,25.14,109.98,108.96,109.47,4,0.08848,11.5774,227.26651,0.512184176
MEC15085,292,adult,F,Ca4,Ca1,ML,25.14,109.98,108.96,109.47,5,0.18064,8.31164,91.55501,0.750707325
MEC15085,292,adult,F,Ca8,Ca2,ML,13.06,75.65,88.4,82.025,1,,,45.35513,
MEC15085,292,adult,F,Ca8,Ca2,ML,13.06,75.65,88.4,82.025,2,0.0889,5.36846,80.18195,0.238628047
MEC15085,292,adult,F,Ca8,Ca2,ML,13.06,75.65,88.4,82.025,3,0.13503,9.31025,120.47925,0.628581529
MEC15085,292,adult,F,Ca8,Ca2,ML,13.06,75.65,88.4,82.025,4,0.10964,9.55775,145.02471,0.523955855
MEC15085,292,adult,F,Ca8,Ca2,ML,13.06,75.65,88.4,82.025,5,0.26041,8.08424,50.41628,1.052608469
MNW16016,310,adult,M,T10,T,ML,60.65,65.11,60.71,62.91,1,0.10665,6.31266,95.9141,0.336622595
MNW16016,310,adult,M,T10,T,ML,60.65,65.11,60.71,62.91,2,0.06675,6.69749,150.03995,0.223528729
MNW16016,310,adult,M,T10,T,ML,60.65,65.11,60.71,62.91,3,0.08986,9.87715,169.4564,0.44378035
MNW16016,310,adult,M,T10,T,ML,60.65,65.11,60.71,62.91,4,0.12191,11.40516,183.56557,0.695201528
MNW16016,310,adult,M,T10,T,ML,60.65,65.11,60.71,62.91,5,0.10207,6.13001,91.25997,0.31284506
MNW16016,310,adult,M,L2,L,ML,44.64,151.43,152.51,151.97,1,0.09304,12.88734,227.52434,0.599519057
MNW16016,310,adult,M,L2,L,ML,44.64,151.43,152.51,151.97,2,0.07654,10.56051,206.69734,0.404150718
MNW16016,310,adult,M,L2,L,ML,44.64,151.43,152.51,151.97,3,0.07578,9.30513,191.79442,0.352571376
MNW16016,310,adult,M,L2,L,ML,44.64,151.43,152.51,151.97,4,0.08736,11.01451,203.01826,0.481113797
MNW16016,310,adult,M,L2,L,ML,44.64,151.43,152.51,151.97,5,0.11866,8.39425,147.47214,0.498030853
MNW16016,310,adult,M,Ca4,Ca1,ML,51.87,116.02,110.15,113.085,1,0.1106,9.82018,153.84704,0.543055954
MNW16016,310,adult,M,Ca4,Ca1,ML,51.87,116.02,110.15,113.085,2,0.0985,12.10736,216.5735,0.59628748
MNW16016,310,adult,M,Ca4,Ca1,ML,51.87,116.02,110.15,113.085,3,0.10113,17.97024,301.38921,0.908665186
MNW16016,310,adult,M,Ca4,Ca1,ML,51.87,116.02,110.15,113.085,4,0.10291,13.22929,220.02106,0.680713117
MNW16016,310,adult,M,Ca4,Ca1,ML,51.87,116.02,110.15,113.085,5,0.10436,12.54548,189.63043,0.654623146
MNW16016,310,adult,M,Ca8,Ca2,ML,31.28,126.62,123.62,125.12,1,0.12377,12.11302,164.65695,0.749614243
MNW16016,310,adult,M,Ca8,Ca2,ML,31.28,126.62,123.62,125.12,2,0.12189,14.17526,192.53389,0.863911221
MNW16016,310,adult,M,Ca8,Ca2,ML,31.28,126.62,123.62,125.12,3,0.11466,10.44588,167.7546,0.5988623
MNW16016,310,adult,M,Ca8,Ca2,ML,31.28,126.62,123.62,125.12,4,0.09453,10.39829,199.77022,0.491475177
MNW16016,310,adult,M,Ca8,Ca2,ML,31.28,126.62,123.62,125.12,5,0.09848,12.21952,230.02125,0.601689165
MSE16016,308,adult,M,T10,T,ML,51.7,73.11,76.86,74.985,1,0.09583,18.19949,412.77288,0.872028563
MSE16016,308,adult,M,T10,T,ML,51.7,73.11,76.86,74.985,2,0.10995,19.04552,454.78005,1.047027462
MSE16016,308,adult,M,T10,T,ML,51.7,73.11,76.86,74.985,3,0.09792,23.5946,506.19406,1.155191616
MSE16016,308,adult,M,T10,T,ML,51.7,73.11,76.86,74.985,4,0.09433,22.44218,541.16708,1.05848542
MSE16016,308,adult,M,T10,T,ML,51.7,73.11,76.86,74.985,5,0.13091,21.49898,331.10511,1.407215736
MSE16016,308,adult,M,L2,L,ML,52.23,167.22,164.9,166.06,1,0.12544,5.86959,125.74258,0.368140685
MSE16016,308,adult,M,L2,L,ML,52.23,167.22,164.9,166.06,2,0.11752,8.10231,120.77489,0.476091736
MSE16016,308,adult,M,L2,L,ML,52.23,167.22,164.9,166.06,3,0.15333,8.95251,131.07563,0.686344179
MSE16016,308,adult,M,L2,L,ML,52.23,167.22,164.9,166.06,4,0.12117,8.92262,113.1814,0.540576933
MSE16016,308,adult,M,L2,L,ML,52.23,167.22,164.9,166.06,5,0.09878,10.50977,166.14467,0.51907754
MSE16016,308,adult,M,Ca4,Ca1,ML,29.04,104.53,103.21,103.87,1,0.11652,9.76918,125.27432,0.569152427
MSE16016,308,adult,M,Ca4,Ca1,ML,29.04,104.53,103.21,103.87,2,0.1284,17.59436,226.6596,1.129557912
MSE16016,308,adult,M,Ca4,Ca1,ML,29.04,104.53,103.21,103.87,3,0.16653,8.40589,89.21926,0.699916431
MSE16016,308,adult,M,Ca4,Ca1,ML,29.04,104.53,103.21,103.87,4,0.12223,13.95381,173.15326,0.852787098
MSE16016,308,adult,M,Ca4,Ca1,ML,29.04,104.53,103.21,103.87,5,0.09729,13.60751,245.14558,0.661937324
MSE16016,308,adult,M,Ca8,Ca2,ML,13.99,87.19,85.43,86.31,1,0.11131,8.42711,158.13477,0.469010807
MSE16016,308,adult,M,Ca8,Ca2,ML,13.99,87.19,85.43,86.31,2,0.11865,8.81343,146.97957,0.522856735
MSE16016,308,adult,M,Ca8,Ca2,ML,13.99,87.19,85.43,86.31,3,0.09535,8.7396,151.52209,0.41666043
MSE16016,308,adult,M,Ca8,Ca2,ML,13.99,87.19,85.43,86.31,4,0.12325,6.84368,103.36074,0.42174178
MSE16016,308,adult,M,Ca8,Ca2,ML,13.99,87.19,85.43,86.31,5,0.11575,8.05976,118.21186,0.46645861
MSW16020,287,adult,M,T10,T,ML,62.32,35.97,35.68,35.825,1,0.14185,12.13216,185.87185,0.860473448
MSW16020,287,adult,M,T10,T,ML,62.32,35.97,35.68,35.825,2,0.13085,11.22432,150.64849,0.734351136
MSW16020,287,adult,M,T10,T,ML,62.32,35.97,35.68,35.825,3,0.18973,14.87713,178.72029,1.411318937
MSW16020,287,adult,M,T10,T,ML,62.32,35.97,35.68,35.825,4,0.10632,14.46093,248.28749,0.768743039
MSW16020,287,adult,M,T10,T,ML,62.32,35.97,35.68,35.825,5,0.09047,12.5011,200.58105,0.565487259
MSW16020,287,adult,M,L2,L,ML,65.37,143.5,140,141.75,1,0.12927,13.33333,186.32376,0.861799785
MSW16020,287,adult,M,L2,L,ML,65.37,143.5,140,141.75,2,0.13417,10.83187,127.41032,0.726655999
MSW16020,287,adult,M,L2,L,ML,65.37,143.5,140,141.75,3,0.11173,11.96506,166.50742,0.668428077
MSW16020,287,adult,M,L2,L,ML,65.37,143.5,140,141.75,4,0.12884,14.40029,194.0435,0.927666682
MSW16020,287,adult,M,L2,L,ML,65.37,143.5,140,141.75,5,0.10789,13.95685,244.77489,0.752902273
MSW16020,287,adult,M,Ca4,Ca1,ML,30.82,110.32,112.22,111.27,1,0.1154,13.31055,198.53185,0.768018735
MSW16020,287,adult,M,Ca4,Ca1,ML,30.82,110.32,112.22,111.27,2,0.13523,16.74466,202.8858,1.132190186
MSW16020,287,adult,M,Ca4,Ca1,ML,30.82,110.32,112.22,111.27,3,0.18155,14.6596,202.77572,1.33072519
MSW16020,287,adult,M,Ca4,Ca1,ML,30.82,110.32,112.22,111.27,4,,,205.16933,
MSW16020,287,adult,M,Ca4,Ca1,ML,30.82,110.32,112.22,111.27,5,0.17236,17.33326,167.32996,1.493780347
MSW16020,287,adult,M,Ca8,Ca2,ML,14.25,89.68,91.53,90.605,1,0.20363,9.98129,142.79867,1.016245041
MSW16020,287,adult,M,Ca8,Ca2,ML,14.25,89.68,91.53,90.605,2,0.18688,14.17602,190.01597,1.324607309
MSW16020,287,adult,M,Ca8,Ca2,ML,14.25,89.68,91.53,90.605,3,0.09417,9.76724,178.81058,0.459890495
MSW16020,287,adult,M,Ca8,Ca2,ML,14.25,89.68,91.53,90.605,4,0.11276,9.9247,157.68519,0.559554586
MSW16020,287,adult,M,Ca8,Ca2,ML,14.25,89.68,91.53,90.605,5,0.17677,7.89467,88.01579,0.697770408
MSW15072,308,adult,F,T10,T,ML,,,,,1,0.11778,12.36407,202.12386,0.728120082
MSW15072,308,adult,F,T10,T,ML,,,,,2,0.13332,11.15129,164.24521,0.743344991
MSW15072,308,adult,F,T10,T,ML,,,,,3,0.10547,8.81771,123.19948,0.465001937
MSW15072,308,adult,F,T10,T,ML,,,,,4,0.10124,10.58158,200.08084,0.53563958
MSW15072,308,adult,F,T10,T,ML,,,,,5,0.0972,12.80012,208.33173,0.622085832
MSW15072,308,adult,F,L2,L,ML,46.98,170,185,177.5,1,0.15684,13.27804,120.29723,1.041263897
MSW15072,308,adult,F,L2,L,ML,46.98,170,185,177.5,2,0.13801,14.53137,146.66443,1.002737187
MSW15072,308,adult,F,L2,L,ML,46.98,170,185,177.5,3,0.11297,11.13708,160.71934,0.629077964
MSW15072,308,adult,F,L2,L,ML,46.98,170,185,177.5,4,0.13407,13.81724,182.50875,0.926238683
MSW15072,308,adult,F,L2,L,ML,46.98,170,185,177.5,5,0.14624,10.00835,105.35006,0.731810552
MSW15072,308,adult,F,Ca4,Ca1,ML,23.65,135,143.5,139.25,1,0.15035,11.85247,143.28361,0.891009432
MSW15072,308,adult,F,Ca4,Ca1,ML,23.65,135,143.5,139.25,2,0.09676,9.41802,147.20393,0.455643808
MSW15072,308,adult,F,Ca4,Ca1,ML,23.65,135,143.5,139.25,3,0.12569,14.97442,220.3332,0.941067425
MSW15072,308,adult,F,Ca4,Ca1,ML,23.65,135,143.5,139.25,4,0.21548,7.77108,74.39918,0.837256159
MSW15072,308,adult,F,Ca4,Ca1,ML,23.65,135,143.5,139.25,5,0.11207,11.18323,196.2661,0.626652293
MSW15072,308,adult,F,Ca8,Ca2,ML,19.18,109.9,109.91,109.905,1,0.10127,6.92214,178.79443,0.350502559
MSW15072,308,adult,F,Ca8,Ca2,ML,19.18,109.9,109.91,109.905,2,0.08146,9.95125,221.75298,0.405314413
MSW15072,308,adult,F,Ca8,Ca2,ML,19.18,109.9,109.91,109.905,3,0.09518,19.93716,364.34551,0.948809444
MSW15072,308,adult,F,Ca8,Ca2,ML,19.18,109.9,109.91,109.905,4,0.09535,11.24906,208.23779,0.536298936
MSW15072,308,adult,F,Ca8,Ca2,ML,19.18,109.9,109.91,109.905,5,0.19076,7.45591,87.04405,0.711144696
